Ticker,Name
ABLX.BR,Ablynx NV
ABI.BR,Anheuser-Busch InBev SA/NV
AGS.BR,ageas SA/NV
SIP.BR,Société Internationale de Plantations et de Finance
TESB.BR,Tessenderlo Group NV
SOLB.BR,Solvay SA
REC.BR,Recticel NV/SA
KBC.BR,KBC Group NV
COLR.BR,Etn. Fr. Colruyt NV
FLUX.BR,Fluxys Belgium SA
UCB.BR,UCB SA
SOLV.BR,Solvac S.A.
MOUR.BR,Moury Construct SA
MELE.BR,Melexis NV
KIN.BR,Kinepolis Group NV
IBAB.BR,Ion Beam Applications SA
GLPG.BR,Galapagos NV
GBLB.BR,Groupe Bruxelles Lambert SA
EVS.BR,EVS Broadcast Equipment S.A.
EURN.BR,Euronav NV
DIE.BR,D'Ieteren SA
COFB.BR,Cofinimmo S.A.
TUB.BR,Financière de Tubize S.A.
DEXB.BR,Dexia SA
DELB.BR,"Etablissements Delhaize Frères et Cie ""Le Lion"" (Groupe Delhaize) SA"
WDP.BR,Warehouses De Pauw Comm. VA
PARD.BR,Pairi Daiza SA
IMMO.BR,IMMOBEL SA
TUBAT.BR,TUBIZE (ATTR)
TNET.BR,Telenet Group Holding NV
ONTEX.BR,Ontex Group NV
TIG.BR,TiGenix NV
THR.BR,ThromboGenics NV
TERB.BR,Ter Beke NV
SUCR.BR,Sucraf NV
SIOE.BR,Sioen Industries NV
OPTI.BR,Option NV
NYR.BR,Nyrstar NV
OTCB.BR,Option Trading Company N.V.
ELI.BR,Elia System Operator SA
QRF.BR,Qrf Comm. VA
REA.BR,RealDolmen NV
UMI.BR,Umicore S.A.
UNITB.BR,"Unitronics (1989) (R""G) Ltd"
VRAP.BR,VRAP.BR
VGP.BR,VGP NV
WOLS.BR,Woluwe Shopping Center
WEB.BR,Warehouses Estates Belgium SCA
XIOR.BR,Xior Student Housing NV
ZEN.BR,Immo-Zenobe Gramme SA
ZENT.BR,Zenitel NV
ZTS.BR,Zetes Industries SA
ABO.BR,ABO-Group Environment NV
ACCB.BR,Accentis N.V.
ACKB.BR,Ackermans & Van Haaren NV
AED.BR,Aedifica SA
AGFB.BR,Agfa-Gevaert N.V.
ALEMK.BR,Emakina Group SA
ALKKO.BR,KKO International S.A.
ALEVA.BR,Evadix Sa
ALPBS.BR,EuroPubliDis SA
ANT.BR,Immo-Antares NV
KBCA.BR,KBC Ancora SCA
ARGX.BR,argenx SE
ASC.BR,Ascencio SCA
ATEB.BR,Atenor Group
AUDB.BR,Communale Place Of Auderghem
BEAB.BR,Immo-Beaulieu NV
BAS.BR,Basilix Cert
BAR.BR,Barco NV
LOTB.BR,Lotus Bakeries NV
BANI.BR,Banimmo S.A.
BCART.BR,Biocartis Group NV
SOF.BR,Sofina Société Anonyme
ICE.BR,Ice Concept SA
SPA.BR,"Sociéte de Services,de Participations,de Direction et d'Elaboration"
SAP.BR,Sapec SA
SAB.BR,Société Anonyme Belge de Constructions Aéronautiques
RES.BR,Resilux NV
MIKO.BR,Miko NV
IEP.BR,"Iep Invest, NV"
GIMB.BR,GIMV NV
FLOB.BR,Floridienne S.A.
EZBG.BR,Eckert & Ziegler BEBIG S.A.
ENGB.BR,Rosier SA
ECONB.BR,Econocom Group SE
DIEG.BR,Immolease Trust NV
DECB.BR,Deceuninck NV
COBH.BR,Brouwerij Handelsmaatschappij NV
BPOST.BR,bpost SA/NV
BELU.BR,Beluga NV
BEKB.BR,NV Bekaert SA
THI.BR,Think Media NV
UNI.BR,U&I Learning NV
KEYW.BR,Keyware Technologies NV
COFP1.BR,Cofinimmo S.A.
PIC.BR,Picanol NV
EMD.BR,EMD Music SA
ROU.BR,Roularta Media Group NV
CMB.BR,CMB NV
VIO.BR,VIOHALCO S.A.
SMAR.BR,Smartphoto Group NV
CONN.BR,Connect Group NV
PCBB.BR,PCB NV
VASTB.BR,Vastned Retail Belgium NV
SOFT.BR,Softimat S.A.
DISL.BR,Immobiliere Distri-Land NV
NEWT.BR,Newtree S.A.
SVP.BR,Growners
WEHB.BR,Comm.VA Wereldhave Belgium SCA
RET.BR,Retail Estates nv
GRYFO.BR,Greenyard Foods NV
MITRA.BR,Mithra Pharmaceuticals SA
COFP2.BR,Cofinimmo S.A.
FNG.BR,FNG Group NV
CAMB.BR,Campine NV
FAGR.BR,Fagron NV
HOMI.BR,Home Invest Belgium S.A.
BHFKB.BR,BHFKB.BR
HAMO.BR,Hamon & Cie (International) SA
WOLE.BR,Woluwe Extension SA
JEN.BR,Jensen-Group NV
NYS.BR,Dalenys
TINC.BR,TINC Comm. VA
COMB.BR,Compagnie du Bois Sauvage SA
VIT.BR,Vision IT Group S.A.
ENINV.BR,4Energy Invest NV
BELR.BR,Belgian Resources and Capital Company
MCC.BR,Mechelen City Center NV
PNSB.BR,PNS
CYAD.BR,Celyad SA
PHAR.BR,Pharco SA
BEFB.BR,Befimmo NV/SA
BNB.BR,Banque nationale de Belgique SA
CPINV.BR,Care Property Invest NV
CFEB.BR,Compagnie d'Entreprises CFE SA
MDXH.BR,MDxHealth SA
LEAS.BR,Leasinvest Real Estate SCA
GENK.BR,Genk Logistics
INTO.BR,Intervest Offices & Warehouses nv
REI.BR,Reibel S.A.
IMMOP.BR,Immopool
SCHD.BR,Scheerders Van Kerchove's Verenigde Fabrieken NV
SAIG.BR,Petercam S.A.
MONT.BR,Montea Comm.VA
VAN.BR,Van De Velde NV
BOTHE.BR,Bone Therapeutics SA
ENVI.BR,Envipco Holding N.V.
EXM.BR,Exmar NV
FLEX.BR,Flexos SA
FOU.BR,Fountain S.A.
MOPF.BR,Mopoli Fond
FP.BR,FP.BR
GLOG.BR,Global Graphics SE
SGO.BR,SGO.BR
OIM.BR,Opportunity Investment Management Plc
INGA.BR,INGA.BR
PAY.BR,Payton Planar Magnetics Ltd.
MEDV.BR,MEDIVISION
LUXA.BR,Immo Lux-Airport SA
IMMOU.BR,Immo Moury SCA
KOR.BR,Kortrijk Ring Shopping Center
BREB.BR,Brederode SA
RTL.BR,RTL Group SA
MOP.BR,Palmboomen Cultuur Maatschappij Mopoli N.V.
NEU.BR,Compagnie Financière de Neufcour S.A.
NR21.BR,NR21
PROX.BR,Proximus PLC
CAND.BR,Candela Invest SA
TEAM.BR,Team International Marketing SA
TEXF.BR,"Texaf, S.A."
