Ticker,Name
LAME4.SA,Lojas Americanas S.A.
ABEV3.SA,Ambev S.A.
VALE5.SA,Vale S.A.
SBSP3.SA,Companhia de Saneamento Básico do Estado de São Paulo - SABESP
VALE3.SA,Vale S.A.
PETR4.SA,Petróleo Brasileiro S.A. - Petrobras
OIBR4.SA,Oi S.A.
BBDC4.SA,Banco Bradesco S.A.
MRVE3.SA,MRV Engenharia e Participações S.A.
ITUB4.SA,Itaú Unibanco Holding S.A.
EMBR3.SA,Embraer S.A.
CYRE3.SA,Cyrela Brazil Realty S.A. Empreendimentos e Participações
BTOW3.SA,B2W - Companhia Digital
BRKM5.SA,Braskem S.A.
USIM3.SA,Usinas Siderúrgicas de Minas Gerais S.A.
BVMF3.SA,"B3 S.A. - Brasil, Bolsa, Balcão"
BBDC3.SA,Banco Bradesco S.A.
PRML3.SA,Prumo Logística S.A.
MRFG3.SA,Marfrig Global Foods S.A.
JBSS3.SA,JBS S.A.
DTEX3.SA,Duratex S.A.
CPLE6.SA,Companhia Paranaense de Energia - COPEL
CPFE3.SA,CPFL Energia S.A.
CGAS5.SA,Companhia de Gás de São Paulo - COMGÁS
USIM5.SA,Usinas Siderúrgicas de Minas Gerais S.A.
TAEE11.SA,Transmissora Aliança de Energia Elétrica S.A.
RSID3.SA,Rossi Residencial S.A.
PFRM3.SA,Profarma Distribuidora de Produtos Farmacêuticos S.A.
PCAR4.SA,Companhia Brasileira de Distribuição
CESP6.SA,CESP - Companhia Energética de São Paulo
BBAS3.SA,Banco do Brasil S.A.
VLID3.SA,Valid Soluções e Serviços de Segurança em Meios de Pagamentos e Identificação S.A.
SNSY6.SA,SANSUY PNB
SNSY3.SA,Sansuy S.A.
RPMG3.SA,Refinaria de Petróleos de Manguinhos S.A.
RNGO11.SA,Fundo de Investimento Imobiliário Rio Negro
MRSA-DEB72B0.SA,MRS LOGIST D72 MB
JBDU4.SA,Indústrias J. B. Duarte S/A
HOME34.SA,"The Home Depot, Inc."
GRND3.SA,Grendene S.A.
GEPA3.SA,Rio Paranapanema Energia S.A.
TBLE3.SA,Engie Brasil Energia S.A.
SMLE3.SA,Smiles S.A.
REDE3.SA,Rede Energia S.A.
PDGR3.SA,PDG Realty S.A. Empreendimentos e Participações
MMXM3.SA,MMX Mineração e Metálicos S.A.
KROT3.SA,Kroton Educacional S.A.
EXXO34.SA,Exxon Mobil Corporation
ELET3.SA,Centrais Elétricas Brasileiras S.A. - Eletrobras
ECOR3.SA,EcoRodovias Infraestrutura e Logística S.A.
XBOV11.SA,CAIXA ETF Ibovespa Fundo de Índice - Cotas Fund
WEGE3.SA,WEG S.A.
TIFF34.SA,Tiffany & Co.
FIBR3.SA,Fibria Celulose S.A.
FDXB34.SA,FedEx Corporation
FBOK34.SA,"Facebook, Inc."
WPLZ11B.SA,FD INV IM SHOPP WE COTAS
HGTX3.SA,Cia. Hering
LFFE3.SA,JPSP Investimentos e Participações S.A.
BBVJ11.SA,Real Estate Investment Fund BB Votorantim Garden City JHSF Continental Tower Fund
CEGR3.SA,Companhia Distribuidora de Gás do Rio de Janeiro - CEG
JNJB34.SA,Johnson & Johnson
LFFE4.SA,JPSP Investimentos e Participações S.A.
JSRE11.SA,JS Real Estate multigestão - FII fund
JPPC11.SA,JPP Capital Fundo Invest Imobiliario FII
HGJH11.SA,Cshg Jhsf Prime Offices Fundo De Investimento Imobiliario
JSLG3F.SA,JSLG3F.SA
MCRJ11B.SA,PREFEITURA DO MUNI CERT (CONS D
JSLG-DEB63L1.SA,JSL D63 NM
SJOS4F.SA,SJOS4F.SA
JSLG-DEB61B0.SA,JSL D61 NM
JBDU3.SA,Indústrias J. B. Duarte S/A
JPMC34.SA,JPMorgan Chase & Co.
JOPA4F.SA,JOPA4F.SA
MEND3.SA,Mendes Junior Engenharia S.A.
MEND5.SA,Mendes Júnior Engenharia S.A.
TEKA3.SA,Teka Tecelagem Kuehnrich S.A.
MYPK3.SA,Iochpe-Maxion S.A.
BERK34F.SA,Berkshire Hathaway Inc.
BERK34.SA,Berkshire Hathaway Inc.
KLBN4.SA,Klabin S.A.
ELEK3.SA,Elekeiroz S.A.
MYPK-DCA61L0.SA,IOCHP-MAXIOND61 NM
MCDC34.SA,McDonald's Corporation
NATU3.SA,Natura Cosméticos S.A.
BSAN33.SA,"Banco Santander, S.A."
TECN3.SA,Technos S.A.
NFLX34.SA,"Netflix, Inc."
OIBR3.SA,Oi S.A.
CCRO3.SA,CCR S.A.
RUMO3.SA,Rumo Logística Operadora Multimodal S.A.
PRIO3.SA,Petro Rio S.A.
OSXB3.SA,OSX Brasil S.A.
ORCL34.SA,Oracle Corporation
ODPV3.SA,Odontoprev S.A.
GEOO34F.SA,General Electric Company
GEOO34.SA,General Electric Company
FDMO34.SA,Ford Motor Company
CTIP3.SA,CETIP S.A. - Mercados Organizados
CSCO34F.SA,"Cisco Systems, Inc."
CPLE3.SA,Companhia Paranaense de Energia - COPEL
CMIG4.SA,Companhia Energética de Minas Gerais
CBOP11.SA,Castello Branco Off Park Fund In Im
AMZO34.SA,"Amazon.com, Inc."
SULT3F.SA,SULT3F.SA
NUTR3F.SA,NUTR3F.SA
FJTA11.SA,FORJA TAURUSBNS ORD N2
CPTP3B.SA,CAPITALPART PARTIC COM NPV
CEPE3F.SA,CEPE3F.SA
CBEE3F.SA,CBEE3F.SA
PTNT3F.SA,PTNT3F.SA
XPOM11.SA,Fundo Invest part Infra XP Omega I - Cotas Fund
BNBR3F.SA,BNBR3F.SA
OIBR-DEB92L0.SA,OI D92 N1
CEEB3F.SA,CEEB3F.SA
EKTR3F.SA,EKTR3F.SA
SNSL3F.SA,SNSL3F.SA
ECOO11.SA,iShares Índice Carbono Eficiente (ICO2) Brasil - Fundo de Índice
OFSA3.SA,Ouro Fino Saúde Animal Participações S.A.
TKNO4.SA,Tekno S.A. Indústria e Comércio
JOPA4.SA,JOSAPAR Joaquim Oliveira S.A. Participações
BMTO4.SA,Brasmotor S.A.
OVSA-DEB31B0.SA,OURO VERDE D31 EJA
RUMO9.SA,Rumo Logística Operadora Multimodal S.A.
SCLO3F.SA,SCLO3F.SA
BMTO3.SA,Brasmotor S.A.
OPRE1B.SA,OPRE1B.SA
UGPA3.SA,Ultrapar Participações S.A.
TIMP3.SA,TIM Participações S.A.
QUAL3.SA,Qualicorp S.A.
SINQ11.SA,FIA FATOR IVCI
FVPQ11.SA,FII V PARQUECI ER
QCOM34.SA,QUALCOMM Incorporated
FCCQ11.SA,FCCQ - Conquest Fundo Investimento Participacoes - Cota Fundo  Cotas Fund
QGEP3.SA,QGEP Participações S.A.
QCOM34F.SA,QUALCOMM Incorporated
QVQP3B.SA,524 PARTICIPACOES COM NPV
TWTR34.SA,"Twitter, Inc."
GGBR4.SA,Gerdau S.A.
SEER3.SA,Ser Educacional S.A.
VIVT4.SA,Telefônica Brasil S.A.
UTEC34.SA,United Technologies Corporation
UPSS34.SA,"United Parcel Service, Inc."
UPAC34F.SA,Union Pacific Corporation
UCAS3.SA,Unicasa Indústria de Móveis S.A.
MGLU3.SA,Magazine Luiza S.A.
GOAU4.SA,Metalurgica Gerdau S.A.
VISA34F.SA,Visa Inc.
VISA34.SA,Visa Inc.
VERZ34F.SA,Verizon Communications Inc.
PSVM11.SA,Porto Sudeste do Brasil S.A.
IDIV11.SA,I DIVIDENDOSIDI
ECOV-DEB21B0.SA,ECOVIAS D21
VRTA11.SA,Fator Veritá Fundo de Investimento Imobiliário - FII
VALE-DEB84B0.SA,VALE D84 N1
ESUT11.SA,Fundo de Investimento em Participações em Infraestrutura BB Votorantim Energia Sustentável III
IBOV11.SA,IBOVESPA IBO
AZEV4.SA,Azevedo & Travassos S.A.
VALE-DEB81B0.SA,VALE D81 N1
CRIV4.SA,"Financeira Alfa S.A. - Crédito, Financiamento e Investimentos"
SINC11L.SA,SINC11L.SA
BRIV4.SA,Banco Alfa de Investimento S.A.
MSRO3.SA,Maestro Locadora de Veículos S.A.
VALE-DEB84L0.SA,VALE D84 N1
OVSA-DEB32L0.SA,OURO VERDE D32 EJA
XBOV11F.SA,XBOV11F.SA
ENEV3.SA,Eneva S.A.
VALE-DEB83L1.SA,VALE D83 N1
ECOV-DEB22L1.SA,ECOVIAS D22
VIVR3.SA,Viver Incorporadora e Construtora S.A.
ECOV-DEB21L0.SA,ECOVIAS D21
GRLV11.SA,CSHG GR Louveira - Fundo De Investimento Imobiliário - FII
VERZ34.SA,Verizon Communications Inc.
VALE-DEB92B0.SA,VALE D92 N1
WHRL4.SA,Whirlpool S.A.
TWXB34F.SA,Time Warner Inc.
RNEW3.SA,Renova Energia S.A.
MWET3.SA,Wetzel S.A.
SHOW3.SA,T4F Entretenimento S.A.
SPTW11.SA,Sp Downtown Fundo de Investimento Imobiliário - FII
KEPL11.SA,KEPLER WEBERBNS
WUNI34F.SA,The Western Union Company
WTVP-CRI11L1.SA,BRPR 55 SEC C11
WALM34.SA,"Wal-Mart Stores, Inc."
RNEW2.SA,"RENOVA DP 2,00"
RNEW12.SA,"RENOVA DM 6,00"
KEPL3.SA,Kepler Weber S.A.
LINX3.SA,Linx S.A.
CTAX4.SA,Contax Participações S.A.
CHVX34.SA,Chevron Corporation
AGCX11.SA,Fundo Invest Imobiliario Agencias Caixa - FII Fund
TXRX4.SA,Têxtil Renauxview S.A.
XBOV.SA,CAIXAETFXBOV
BDRX11.SA,BDRX BDR
FIXX11.SA,Fator IFIX Fundo Investimento Imobiliario - FII - Cotas Fund
BRAX11.SA,iShares IBrX-Índice Brasil (IBrX-100) Index Fund
INDX11.SA,INDUSTRIAL IND
CTAX3.SA,Contax Participações S.A.
IGCX11.SA,IGOVERNANCA IGC
XTED11.SA,XTED - TRX Edificios Corporativos Fundo Invest Imobiliario FII Fund
NFLX34F.SA,"Netflix, Inc."
DTEX-DCA11L0.SA,DURATEX D11 NM
MLCX11.SA,MIDLARGE CAPMLC
HTMX11B.SA,FD INV IM HOTEL MA COTAS
XVTE5L.SA,XAVANTE AGROPNA*
XPCM11.SA,XP Corporate Macaé Fundo de Investimento Imobiliário - FII
IEEX11.SA,IEELETRICA IEE
TXRX3.SA,Têxtil Renauxview S.A.
CHVX34F.SA,Chevron Corporation
IBXX11.SA,IBRX BRASIL IBX
TXRX3F.SA,TXRX3F.SA
DTEX-DCA11L1.SA,DURATEX D11 NM
IFIX11.SA,IND FDO IMOBIFI
XPTD11.SA,Xp Top Dividendos Fundo
TTEX5L.SA,TECEL TEXITAPNA
XRXB34.SA,Xerox Corporation
XRXB34F.SA,Xerox Corporation
IVBX11.SA,IVBX2 IVB
CTAX11.SA,CONTAX UNT N2
XPGA11.SA,XP GAIA Lot Real Estate Investment Fund
SNSY6F.SA,SNSY6F.SA
HSHY34F.SA,The Hershey Company
EBAY34.SA,eBay Inc.
DTCY3.SA,DTCOM - Direct to Company S/A
SNSY3F.SA,SNSY3F.SA
YPFL3.SA,YPF SA
COTY34F.SA,Coty Inc.
TUPY3.SA,Tupy S.A.
SNSY5.SA,SANSUY PNA
WMBY3F.SA,WMBY3F.SA
PABY11.SA,Fundo de Investimento Imobiliário Panamby
HSHY34.SA,The Hershey Company
EBAY34F.SA,eBay Inc.
BONY34F.SA,The Bank of New York Mellon Corporation
WMBY3.SA,WEMBLEY SA
FLRY3.SA,Fleury S.A.
LILY34.SA,Eli Lilly and Company
COTY34.SA,Coty Inc.
BONY34.SA,The Bank of New York Mellon Corporation
LILY34F.SA,Eli Lilly and Company
CRUZ3.SA,Souza Cruz S.A.
MDLZ34F.SA,"Mondelez International, Inc."
MDLZ34.SA,"Mondelez International, Inc."
ARZZ3.SA,Arezzo Indústria e Comércio S.A.
PFIZ34F.SA,Pfizer Inc.
PFIZ34.SA,Pfizer Inc.
ITSA4.SA,Itaúsa - Investimentos Itaú S.A.
TGMA3.SA,Tegma Gestão Logística S.A.
PSSA3.SA,Porto Seguro S.A.
ITSA3.SA,Itaúsa - Investimentos Itaú S.A.
GFSA3.SA,Gafisa S.A.
DASA3.SA,Diagnósticos da América S.A.
BAZA3.SA,Banco da Amazônia S.A.
ALPA4.SA,Alpargatas S.A.
AAPL34F.SA,Apple Inc.
AAPL34.SA,Apple Inc.
MSPA4.SA,Companhia Melhoramentos de São Paulo
MTSA3F.SA,MTSA3F.SA
GEPA3F.SA,GEPA3F.SA
OGSA3.SA,Óleo e Gás Participações S.A.
MSPA4F.SA,MSPA4F.SA
CTSA4.SA,Companhia Tecidos Santanense Ltda.
FJTA4.SA,Forjas Taurus S.A.
CBMA4F.SA,CBMA4F.SA
CGRA3.SA,Grazziotin S.A.
PTPA3F.SA,PTPA3F.SA
MDIA3.SA,M. Dias Branco S.A. Indústria e Comércio de Alimentos
IGTA3.SA,Iguatemi Empresa de Shopping Centers S.A.
CTSA3.SA,Companhia Tecidos Santanense Ltda.
GAFL-CRAA2L1.SA,GAIA AGRO AA2 EJA
MRSA5B.SA,MRS LOGISTICA PRF'A'NPV
MSPA3.SA,Companhia Melhoramentos de São Paulo
HAGA4.SA,HAGA S/A Indústria e Comércio
MRSA3BF.SA,MRSA3BF.SA
HAGA3.SA,HAGA S/A Indústria e Comércio
MRSA5BF.SA,MRSA5BF.SA
FESA4.SA,Companhia de Ferro Ligas da Bahia - FERBASA
HETA3.SA,Hercules S.A. - Fábrica de Talheres
PTPA4.SA,Évora S.A.
EUCA3F.SA,EUCA3F.SA
PTPA4F.SA,PTPA4F.SA
CBMA3.SA,Cobrasma S.A.
HETA3F.SA,HETA3F.SA
FESA3.SA,Companhia de Ferro Ligas da Bahia - FERBASA
CBMA3F.SA,CBMA3F.SA
TEKA4.SA,Teka Tecelagem Kuehnrich S.A.
JOPA3.SA,JOSAPAR Joaquim Oliveira S.A. Participações
CBMA4.SA,Cobrasma S.A.
MRSA6B.SA,MRS LOGISTICA PRF'B'NPV
CAIA3B.SA,CAIANDA PARTICIPAC COM NPV
HETA4.SA,Hercules S.A. - Fábrica de Talheres
TEKA3F.SA,TEKA3F.SA
MRSA6BF.SA,MRSA6BF.SA
GEPA4.SA,Rio Paranapanema Energia S.A.
SFSA4.SA,Banco Sofisa S.A.
ENMA6B.SA,CEMAR- CIA ENER MA PRF'B' NPV
CTKA3F.SA,CTKA3F.SA
CTKA3.SA,Karsten S.A.
CTKA4.SA,Karsten S.A.
EUCA3.SA,Eucatex S.A. Indústria e Comércio
TCSA3.SA,Tecnisa S.A.
CGRA4.SA,Grazziotin S.A.
SUIA4L.SA,SUIANE PN
LUPA3.SA,Lupatech S.A.
MTSA3.SA,METISA Metalúrgica Timboense S.A.
MRSA3B.SA,MRS LOGISTICA COM NPV
JOPA3F.SA,JOPA3F.SA
ENMA3B.SA,CEMAR- CIA ENER MA COM NPV
IGSA5L.SA,ISA PNA
GAFL-CRAA2B0.SA,GAIA AGRO AA2 EJA
ENMA3BF.SA,ENMA3BF.SA
PTPA3.SA,Évora S.A.
EUCA4.SA,Eucatex S.A. Indústria e Comércio
FJTA3.SA,Forjas Taurus S.A.
FRTA3.SA,Pomifrutas S/A
CSNA3.SA,Companhia Siderúrgica Nacional
ALPA3.SA,Alpargatas S.A.
MTSA4.SA,METISA Metalúrgica Timboense S.A.
BPHA3.SA,Brasil Pharma S.A.
BEMA3.SA,Bematech SA
COCA34F.SA,The Coca-Cola Company
TEXA34.SA,Texas Instruments Incorporated
ABTT34F.SA,Abbott Laboratories
BPFF11.SA,Fundo de Investimento Imobiliário - FII Brasil Plural Absoluto Fundo de Fundos
PMSP13B.SA,PREFEIT SAO PAULO CERT (CONS AG
ABCB10.SA,Banco ABC Brasil S.A.
ABTT34.SA,Abbott Laboratories
COCA34.SA,The Coca-Cola Company
ABCB10F.SA,Banco ABC Brasil S.A.
ABCP11.SA,FII ABC Plaza Shopping Fund
ABCB10L.SA,BANCO ABC BRASIL
TEXA34F.SA,Texas Instruments Inc.
ABCB4.SA,Banco ABC Brasil S.A.
ABCB2.SA,"ABC BRASIL DP 10,49"
ACNB34.SA,Accenture plc
ACNB34F.SA,Accenture plc
RBRA-CRI98L1.SA,RBCAPITALRESC98 MB
GAIA-CRI5JB0.SA,GAIA SECURITC5J MB
ECOA-CRA74L1.SA,ECO SEC AGROA74 MB
ECOA-CRA73L0.SA,ECO SEC AGROA73 MB
EALT3.SA,Electro Aço Altona S.A.
RBRA-CRI77L0.SA,RBCAPITALRESC77 MB
GAIA-CRI40L1.SA,GAIA SECURITC40 MB
BOVA11.SA,iShares Ibovespa Index Fund
ECOA-CRA68L1.SA,ECO SEC AGROA68 EJ MB
RBRA-CRI1XL0.SA,RBCAPITALRESC1X EJA MB
EALT4F.SA,EALT4F.SA
AETA-CRI10L1.SA,AETATIS SEC C10
RBRA-CRI81L0.SA,RBCAPITALRESC81 MB
BCIA11.SA,Bradesco Carteira Imobiliaria Ativa Fundos de Investimento Imobiliario
EALT3F.SA,EALT3F.SA
CTBA11B.SA,PREFEITURA DO MU.D CERT (CONS L
GAIA-CRI48B0.SA,GAIA SECURITC48 MB
RBRA-CRI07B0.SA,RBCAPITALRESC07 MB
ECOA-CRA74B0.SA,ECO SEC AGROA74 MB
GAIA-CRI48L0.SA,GAIA SECURITC48 MB
RBRA-CRI94L0.SA,RBCAPITALRESC94 EJA MB
RBRA-CRI96L0.SA,RBCAPITALRESC96 MB
RBRA-CRI77B0.SA,RBCAPITALRESC77 MB
RBRA-CRI97L1.SA,RBCAPITALRESC97 MB
RBRA-CRI99L0.SA,RBCAPITALRESC99 MB
GAIA-CRI5IB0.SA,GAIA SECURITC5I MB
RBRA-CRI98B0.SA,RBCAPITALRESC98 MB
RBRA-CRI68L1.SA,RBCAPITALRESC68 MB
RBRA-CRI44L1.SA,RBCAPITALRESC44 MB
GAIA-CRI5BB0.SA,GAIA SECURITC5B MB
EALT4.SA,Electro Aço Altona S.A.
SULA11.SA,Sul América S.A.
GAIA-CRI5BL0.SA,GAIA SECURITC5B MB
RBRA-CRI80L1.SA,RBCAPITALRESC80 MB
AETA-CRI10L0.SA,AETATIS SEC C10
RBRA-CRI44L0.SA,RBCAPITALRESC44 MB
RBRA-CRI70B0.SA,RBCAPITALRESC70 MB
GAIA-CRI5IL0.SA,GAIA SECURITC5I MB
RBRA-CRI93L1.SA,RBCAPITALRESC93 EJA MB
ECOA-CRA72L1.SA,ECO SEC AGROA72 MB
ECOA-CRA72L0.SA,ECO SEC AGROA72 MB
RBRA-CRI1XB0.SA,RBCAPITALRESC1X EJA MB
GAIA-CRI35B0.SA,GAIA SECURITC35 MB
GAIA-CRI47L1.SA,GAIA SECURITC47 MB
GAIA-CRI47B0.SA,GAIA SECURITC47 MB
RBRA-CRIA2B0.SA,RBCAPITALRESCA2 MB
GAIA-CRI780B.SA,GAIA SECURITC78 EJ MB
RBRA-CRIA2L1.SA,RBCAPITALRESCA2 MB
RBRA-CRI90L0.SA,RBCAPITALRESC90 MB
ECOA-CRA74L0.SA,ECO SEC AGROA74 MB
ECOA-CRA68L0.SA,ECO SEC AGROA68 EJ MB
GAIA-CRI5JL0.SA,GAIA SECURITC5J MB
GAIA-CRI470B.SA,GAIA SECURITC47 MB
ECOA-CRA73L1.SA,ECO SEC AGROA73 MB
RBRA-CRI90L1.SA,RBCAPITALRESC90 MB
THRA11B.SA,FII BM CYRELA THER COTAS
RBRA-CRI77L1.SA,RBCAPITALRESC77 MB
GAIA-CRI48L1.SA,GAIA SECURITC48 MB
RBRA-CRIA2L0.SA,RBCAPITALRESCA2 MB
FLMA11.SA,Unitas DTVM S.A.
RBRA-CRI68L0.SA,RBCAPITALRESC68 MB
GAIA-CRI40B0.SA,GAIA SECURITC40 MB
RBRA-CRI07L1.SA,RBCAPITALRESC07 MB
RBRA-CRI93L0.SA,RBCAPITALRESC93 EJA MB
ECOA-CRA73B0.SA,ECO SEC AGROA73 MB
RBRA-CRI97B0.SA,RBCAPITALRESC97 MB
ECOA-CRA68B0.SA,ECO SEC AGROA68 EJ MB
GAIA-CRI5BL1.SA,GAIA SECURITC5B MB
EDGA11B.SA,FD INV IM FII ED COTAS
RBRA-CRI94L1.SA,RBCAPITALRESC94 EJA MB
RBRA-CRI94B0.SA,RBCAPITALRESC94 EJA MB
RBRA-CRI90B0.SA,RBCAPITALRESC90 MB
ATSA11B.SA,CSHG ATRIUM SHOPP COTAS
RESA-DEB13B0.SA,RAIZEN ENERGD13
IGTA-DEB41L1.SA,IGUATEMI D41 NM
RESA-DEB11L0.SA,RAIZEN ENERGD11
TRIA-DEB21L0.SA,TRIANGULOSOLD21
GFSA-DEB82L1.SA,GAFISA D82 NM
CALI4.SA,Construtora Adolpho Lindenberg S.A.
LBRA-DEB11L0.SA,LIBRA T RIO D11
RESA-DEB12B0.SA,RAIZEN ENERGD12
IGTA-DEB42L0.SA,IGUATEMI D42 NM
BTTL3.SA,Battistella Administração e Participações S.A.
MRSA-DEB72L0.SA,MRS LOGIST D72 MB
RESA-DEB12L1.SA,RAIZEN ENERGD12
LBRA-DEB11B0.SA,LIBRA T RIO D11
R2:BTTL3S.SA,R2:BTTL3S.SA
BRGE3.SA,Consórcio Alfa de Administração S.A.
BRGE7.SA,Consorcio Alfa de Administração S.A.
BRGE8.SA,Consórcio Alfa de Administração S.A.
OVSA-DEB31L0.SA,OURO VERDE D31 EJA
BESA-DEB12L1.SA,BAESA D12
OVSA-DEB31L1.SA,OURO VERDE D31 EJA
BESA-DEB12L0.SA,BAESA D12
RPTA-DEB22L0.SA,CONC RAPOSO D22
BESA-DEB11L0.SA,BAESA D11
IGTA-DEB41B0.SA,IGUATEMI D41 NM
BRGE12.SA,Consórcio Alfa de Administração S.A.
BTTL4.SA,Battistella Administração e Participações S.A.
CALI3.SA,CONST A LINDON
RESA-DEB11B0.SA,RAIZEN ENERGD11
TRIA-DEB21L1.SA,TRIANGULOSOLD21
BRGE5.SA,Consórcio Alfa de Administração S.A.
RPTA-DEB21B0.SA,CONC RAPOSO D21
BESA-DEB110B.SA,BAESA D11
GFSA-DEB82L0.SA,GAFISA D82 NM
TRIA-DEB21B0.SA,TRIANGULOSOLD21
IGTA-DEB42B0.SA,IGUATEMI D42 NM
GFSA-DEB82B0.SA,GAFISA D82 NM
TRIA-DEB22B0.SA,TRIANGULOSOLD22
MRSA-DEB710B.SA,MRS LOGIST D71 MB
FRTA1.SA,"POMIFRUTAS DO 3,35"
MRSA-DEB72L1.SA,MRS LOGIST D72 MB
RESA-DEB13L0.SA,RAIZEN ENERGD13
IGTA-DEB21L0.SA,IGUATEMI D21 NM
RESA-DEB13L1.SA,RAIZEN ENERGD13
RPTA-DEB22L1.SA,CONC RAPOSO D22
RPTA-DEB21L1.SA,CONC RAPOSO D21
OGSA-DCA320B.SA,NOVA OLEO D32
TRIA-DEB22L1.SA,TRIANGULOSOLD22
OVSA-DEB32L1.SA,OURO VERDE D32 EJA
BRGE11.SA,Consórcio Alfa de Administração S.A.
TRIA-DEB22L0.SA,TRIANGULOSOLD22
BRGE6.SA,Consórcio Alfa de Administração S.A.
TIET-DEB41B0.SA,AES TIETE E D41 EJ N2
TIET-DEB42L0.SA,AES TIETE E D42 EJ N2
TIET4.SA,AES Tietê Energia S.A.
AELP3F.SA,AELP3F.SA
TIET-DEB43L0.SA,AES TIETE E D43 EJ N2
AEFI11.SA,Aesapar Fundo de Investimento Imobiliário - FII
GETI3.SA,AES Tietê S.A.
TIET-DEB41L1.SA,AES TIETE E D41 EJ N2
TIET11.SA,AES Tietê Energia S.A.
TIET-DEB43B0.SA,AES TIETE E D43 EJ N2
PMSP11B.SA,PREFEIT SAO PAULO CERT (CONS AG
TIET3.SA,AES Tietê Energia S.A.
AELP3.SA,AES Elpa S.A.
GETI4.SA,AES Tietê S.A.
AFLU3.SA,Afluente Geração de Energia Elétrica S.A.
AFLT3.SA,Afluente Transmissão de Energia Elétrica S.A.
AFLU5.SA,AFLUENTE PNA
AFLU5F.SA,AFLU5F.SA
AFLT3F.SA,AFLT3F.SA
AFLU3F.SA,AFLU3F.SA
ANDG3B.SA,ANDRADE GUTIERREZ COM NPV
AGRO3.SA,BrasilAgro - Companhia Brasileira de Propriedades Agrícolas
VAGR3.SA,Terra Santa Agro S.A.
AGEN33.SA,AGRENCO LTD
GAFL-CRA01L0.SA,GAIA AGRO A01 EJ
GAFL-CRA02L0.SA,GAIA AGRO A02
GAFL-CRA31B0.SA,GAIA AGRO A31 EJA
AGRU-DEB21L1.SA,GRUAIRPORT D21 MB
UNAG-FIDS10B.SA,FDC UNION AGFS1 MB
GAFL-CRA31L1.SA,GAIA AGRO A31 EJA
AGEN33F.SA,AGEN33F.SA
SAAG11.SA,Santander Agências Fundo de Investimento Imobiliário - FII
CASN3.SA,Companhia Catarinense de Águas e Saneamento - CASAN
AGTE7L.SA,AGROPEC TUPAPNC*
CASN4.SA,Companhia Catarinense de Águas e Saneamento - CASAN
GAFL-CRA81L0.SA,GAIA AGRO A81
FAGR-FID010B.SA,FDC V1 AGRO F01 MB
FPAB11.SA,Fundo de Investimento Imobiliário Projeto Água Branca
AGPR5L.SA,AGROPAR PNA*
SLCE3.SA,SLC Agrícola S.A.
CVCB3.SA,CVC Brasil Operadora e Agência de Viagens S.A.
GAFL-CRA810B.SA,GAIA AGRO A81
GAFL-CRA02L1.SA,GAIA AGRO A02
AGBC6L.SA,AGROP BACURIPNB*
GAFL-CRA11L1.SA,GAIA AGRO A11
FAGR-FID01B0.SA,FDC V1 AGRO F01 MB
GAFL-CRA01B0.SA,GAIA AGRO A01 EJ
DAGB33.SA,Dufry AG
GAFL-CRA1DB0.SA,GAIA AGRO A1D
AGSA5L.SA,SERRA AZUL PNA*
AGVE5L.SA,VERDESCAMPOSPNA* MB
EMAE4.SA,Empresa Metropolitana de Águas e Energia S.A.
GAFL-CRA1DL1.SA,GAIA AGRO A1D
AGRU-DEB210B.SA,GRUAIRPORT D21 MB
GAFL-CRA11L0.SA,GAIA AGRO A11
AGVE6L.SA,VERDESCAMPOSPNB* MB
AHEB3.SA,São Paulo Turismo S.A.
AHEB3F.SA,AHEB3F.SA
AHEB6.SA,São Paulo Turismo S.A.
AHEB5.SA,São Paulo Turismo S.A.
AHEB5F.SA,AHEB5F.SA
GOLL4.SA,GOL Linhas Aéreas Inteligentes S.A.
TAXA4L.SA,FINANC/TERMO
TAXA161.SA,FINANC/TERMO
TAXA17.SA,FINANC/TERMO
TAXA63.SA,FINANC/TERMO
TAXA106.SA,FINANC/TERMO
TAXA345.SA,FINANC/TERMO
TAXA129.SA,FINANC/TERMO
TAXA303.SA,FINANC/TERMO
TAXA310.SA,FINANC/TERMO
TAXA210.SA,FINANC/TERMO
TAXA35.SA,FINANC/TERMO
TAXA59.SA,FINANC/TERMO
TAXA19.SA,FINANC/TERMO
TAXA31L.SA,FINANC/TERMO
TAXA20L.SA,FINANC/TERMO
TAXA148.SA,FINANC/TERMO
TAXA22.SA,FINANC/TERMO
TAXA143.SA,FINANC/TERMO
TAXA302.SA,FINANC/TERMO
TAXA47.SA,FINANC/TERMO
TAXA212.SA,FINANC/TERMO
TAXA295.SA,FINANC/TERMO
TAXA74.SA,FINANC/TERMO
TAXA50.SA,FINANC/TERMO
TAXA165.SA,FINANC/TERMO
TAXA58L.SA,FINANC/TERMO
TAXA260.SA,FINANC/TERMO
TAXA32.SA,FINANC/TERMO
TAXA123.SA,FINANC/TERMO
TAXA69.SA,FINANC/TERMO
TAXA265.SA,FINANC/TERMO
TAXA41.SA,FINANC/TERMO
TAXA362.SA,FINANC/TERMO
TAXA109.SA,FINANC/TERMO
TAXA232.SA,FINANC/TERMO
TAXA242.SA,FINANC/TERMO
TAXA319.SA,FINANC/TERMO
TAXA262.SA,FINANC/TERMO
TAXA113.SA,FINANC/TERMO
TAXA170.SA,FINANC/TERMO
TAXA85.SA,FINANC/TERMO
TAXA256.SA,FINANC/TERMO
TAXA193.SA,FINANC/TERMO
TAXA104.SA,FINANC/TERMO
TAXA21L.SA,FINANC/TERMO
TAXA86.SA,FINANC/TERMO
TAXA86L.SA,FINANC/TERMO
TAXA42.SA,FINANC/TERMO
TAXA361.SA,FINANC/TERMO
TAXA246.SA,FINANC/TERMO
TAXA307.SA,FINANC/TERMO
TAXA311.SA,FINANC/TERMO
TAXA24.SA,FINANC/TERMO
TAXA146.SA,FINANC/TERMO
TAXA304.SA,FINANC/TERMO
TAXA263.SA,FINANC/TERMO
TAXA171.SA,FINANC/TERMO
TAXA321.SA,FINANC/TERMO
TAXA29.SA,FINANC/TERMO
TAXA88L.SA,FINANC/TERMO
TAXA332.SA,FINANC/TERMO
TAXA71.SA,FINANC/TERMO
TAXA342.SA,FINANC/TERMO
TAXA87.SA,FINANC/TERMO
TAXA43L.SA,FINANC/TERMO
TAXA344.SA,FINANC/TERMO
TAXA221.SA,FINANC/TERMO
TAXA350.SA,FINANC/TERMO
TAXA247.SA,FINANC/TERMO
TAXA339.SA,FINANC/TERMO
TAXA200.SA,FINANC/TERMO
TAXA142.SA,FINANC/TERMO
TAXA16.SA,FINANC/TERMO
TAXA287.SA,FINANC/TERMO
TAXA65.SA,FINANC/TERMO
TAXA250.SA,FINANC/TERMO
TAXA45L.SA,FINANC/TERMO
TAXA215.SA,FINANC/TERMO
TAXA202.SA,FINANC/TERMO
TAXA70L.SA,FINANC/TERMO
TAXA36L.SA,FINANC/TERMO
TAXA364.SA,FINANC/TERMO
TAXA90.SA,FINANC/TERMO
TAXA141.SA,FINANC/TERMO
TAXA75.SA,FINANC/TERMO
TAXA189.SA,FINANC/TERMO
TAXA58.SA,FINANC/TERMO
TAXA145.SA,FINANC/TERMO
TAXA251.SA,FINANC/TERMO
TAXA329.SA,FINANC/TERMO
TAXA192.SA,FINANC/TERMO
TAXA78.SA,FINANC/TERMO
TAXA312.SA,FINANC/TERMO
TAXA149.SA,FINANC/TERMO
TAXA294.SA,FINANC/TERMO
TAXA282.SA,FINANC/TERMO
TAXA57.SA,FINANC/TERMO
TAXA341.SA,FINANC/TERMO
TAXA116.SA,FINANC/TERMO
TAXA128.SA,FINANC/TERMO
TAXA44L.SA,FINANC/TERMO
TAXA158.SA,FINANC/TERMO
TAXA37.SA,FINANC/TERMO
TAXA328.SA,FINANC/TERMO
TAXA203.SA,FINANC/TERMO
TAXA228.SA,FINANC/TERMO
TAXA183.SA,FINANC/TERMO
TAXA283.SA,FINANC/TERMO
TAXA172.SA,FINANC/TERMO
TAXA164.SA,FINANC/TERMO
TAXA138.SA,FINANC/TERMO
TAXA249.SA,FINANC/TERMO
TAXA64L.SA,FINANC/TERMO
TAXA73L.SA,FINANC/TERMO
TAXA248.SA,FINANC/TERMO
TAXA71L.SA,FINANC/TERMO
TAXA290.SA,FINANC/TERMO
TAXA351.SA,FINANC/TERMO
TAXA365.SA,FINANC/TERMO
TAXA359.SA,FINANC/TERMO
TAXA76.SA,FINANC/TERMO
TAXA110.SA,FINANC/TERMO
TAXA49L.SA,FINANC/TERMO
TAXA18L.SA,FINANC/TERMO
TAXA244.SA,FINANC/TERMO
TAXA155.SA,FINANC/TERMO
TAXA39L.SA,FINANC/TERMO
TAXA79L.SA,FINANC/TERMO
TAXA261.SA,FINANC/TERMO
TAXA69L.SA,FINANC/TERMO
TAXA285.SA,FINANC/TERMO
TAXA60.SA,FINANC/TERMO
TAXA105.SA,FINANC/TERMO
TAXA211.SA,FINANC/TERMO
TAXA135.SA,FINANC/TERMO
TAXA225.SA,FINANC/TERMO
TAXA84L.SA,FINANC/TERMO
TAXA100.SA,FINANC/TERMO
TAXA85L.SA,FINANC/TERMO
TAXA322.SA,FINANC/TERMO
TAXA198.SA,FINANC/TERMO
TAXA114.SA,FINANC/TERMO
TAXA67.SA,FINANC/TERMO
TAXA130.SA,FINANC/TERMO
TAXA80.SA,FINANC/TERMO
TAXA90L.SA,FINANC/TERMO
TAXA201.SA,FINANC/TERMO
TAXA305.SA,FINANC/TERMO
TAXA26L.SA,FINANC/TERMO
TAXA313.SA,FINANC/TERMO
TAXA340.SA,FINANC/TERMO
TAXA118.SA,FINANC/TERMO
TAXA38.SA,FINANC/TERMO
TAXA6L.SA,FINANC/TERMO
TAXA337.SA,FINANC/TERMO
TAXA178.SA,FINANC/TERMO
TAXA296.SA,FINANC/TERMO
TAXA357.SA,FINANC/TERMO
TAXA194.SA,FINANC/TERMO
TAXA79.SA,FINANC/TERMO
TAXA91.SA,FINANC/TERMO
TAXA207.SA,FINANC/TERMO
TAXA360.SA,FINANC/TERMO
TAXA355.SA,FINANC/TERMO
TAXA34L.SA,FINANC/TERMO
TAXA185.SA,FINANC/TERMO
TAXA157.SA,FINANC/TERMO
TAXA77.SA,FINANC/TERMO
TAXA88.SA,FINANC/TERMO
TAXA94L.SA,FINANC/TERMO
TAXA163.SA,FINANC/TERMO
TAXA224.SA,FINANC/TERMO
TAXA92L.SA,FINANC/TERMO
TAXA343.SA,FINANC/TERMO
TAXA96L.SA,FINANC/TERMO
TAXA17L.SA,FINANC/TERMO
TAXA117.SA,FINANC/TERMO
TAXA235.SA,FINANC/TERMO
TAXA57L.SA,FINANC/TERMO
TAXA147.SA,FINANC/TERMO
TAXA356.SA,FINANC/TERMO
TAXA126.SA,FINANC/TERMO
TAXA234.SA,FINANC/TERMO
TAXA274.SA,FINANC/TERMO
TAXA98.SA,FINANC/TERMO
TAXA18.SA,FINANC/TERMO
TAXA68L.SA,FINANC/TERMO
TAXA349.SA,FINANC/TERMO
TAXA308.SA,FINANC/TERMO
TAXA5L.SA,FINANC/TERMO
TAXA245.SA,FINANC/TERMO
TAXA236.SA,FINANC/TERMO
TAXA363.SA,FINANC/TERMO
TAXA36.SA,FINANC/TERMO
TAXA213.SA,FINANC/TERMO
TAXA293.SA,FINANC/TERMO
TAXA190.SA,FINANC/TERMO
TAXA179.SA,FINANC/TERMO
TAXA83.SA,FINANC/TERMO
TAXA136.SA,FINANC/TERMO
LATM33.SA,LATAM Airlines Group S.A.
TAXA233.SA,FINANC/TERMO
TAXA53.SA,FINANC/TERMO
TAXA227.SA,FINANC/TERMO
TAXA41L.SA,FINANC/TERMO
TAXA222.SA,FINANC/TERMO
TAXA196.SA,FINANC/TERMO
TAXA334.SA,FINANC/TERMO
TAXA267.SA,FINANC/TERMO
TAXA209.SA,FINANC/TERMO
TAXA238.SA,FINANC/TERMO
TAXA177.SA,FINANC/TERMO
TAXA353.SA,FINANC/TERMO
TAXA336.SA,FINANC/TERMO
TAXA27.SA,FINANC/TERMO
TAXA150.SA,FINANC/TERMO
TAXA354.SA,FINANC/TERMO
TAXA258.SA,FINANC/TERMO
TAXA318.SA,FINANC/TERMO
TAXA315.SA,FINANC/TERMO
TAXA28L.SA,FINANC/TERMO
TAXA127.SA,FINANC/TERMO
TAXA95L.SA,FINANC/TERMO
TAXA152.SA,FINANC/TERMO
TAXA205.SA,FINANC/TERMO
TAXA99.SA,FINANC/TERMO
TAXA125.SA,FINANC/TERMO
TAXA42L.SA,FINANC/TERMO
TAXA252.SA,FINANC/TERMO
TAXA324.SA,FINANC/TERMO
TAXA167.SA,FINANC/TERMO
TAXA63L.SA,FINANC/TERMO
TAXA254.SA,FINANC/TERMO
TAXA231.SA,FINANC/TERMO
TAXA180.SA,FINANC/TERMO
TAXA191.SA,FINANC/TERMO
TAXA346.SA,FINANC/TERMO
TAXA97L.SA,FINANC/TERMO
TAXA55.SA,FINANC/TERMO
TAXA175.SA,FINANC/TERMO
TAXA284.SA,FINANC/TERMO
TAXA77L.SA,FINANC/TERMO
TAXA219.SA,FINANC/TERMO
TAXA320.SA,FINANC/TERMO
TAXA281.SA,FINANC/TERMO
TAXA23L.SA,FINANC/TERMO
TAXA55L.SA,FINANC/TERMO
TAXA217.SA,FINANC/TERMO
TAXA352.SA,FINANC/TERMO
TAXA62.SA,FINANC/TERMO
TAXA184.SA,FINANC/TERMO
TAXA187.SA,FINANC/TERMO
TAXA84.SA,FINANC/TERMO
TAXA31.SA,FINANC/TERMO
TAXA62L.SA,FINANC/TERMO
TAXA279.SA,FINANC/TERMO
TAXA0L.SA,FINANC/TERMO
TAXA134.SA,FINANC/TERMO
TAXA291.SA,FINANC/TERMO
TAXA214.SA,FINANC/TERMO
TAXA70.SA,FINANC/TERMO
TAXA48L.SA,FINANC/TERMO
TAXA96.SA,FINANC/TERMO
TAXA169.SA,FINANC/TERMO
TAXA30.SA,FINANC/TERMO
TAXA20.SA,FINANC/TERMO
TAXA240.SA,FINANC/TERMO
TAXA50L.SA,FINANC/TERMO
TAXA330.SA,FINANC/TERMO
TAXA218.SA,FINANC/TERMO
TAXA151.SA,FINANC/TERMO
TAXA115.SA,FINANC/TERMO
TAXA108.SA,FINANC/TERMO
TAXA237.SA,FINANC/TERMO
TAXA82.SA,FINANC/TERMO
TAXA47L.SA,FINANC/TERMO
TAXA32L.SA,FINANC/TERMO
TAXA168.SA,FINANC/TERMO
TAXA24L.SA,FINANC/TERMO
TAXA131.SA,FINANC/TERMO
TAXA162.SA,FINANC/TERMO
TAXA61.SA,FINANC/TERMO
TAXA56L.SA,FINANC/TERMO
TAXA140.SA,FINANC/TERMO
TAXA65L.SA,FINANC/TERMO
TAXA333.SA,FINANC/TERMO
TAXA48.SA,FINANC/TERMO
TAXA174.SA,FINANC/TERMO
TAXA338.SA,FINANC/TERMO
TAXA33L.SA,FINANC/TERMO
TAXA54L.SA,FINANC/TERMO
TAXA220.SA,FINANC/TERMO
TAXA316.SA,FINANC/TERMO
TAXA139.SA,FINANC/TERMO
TAXA195.SA,FINANC/TERMO
TAXA325.SA,FINANC/TERMO
TAXA35L.SA,FINANC/TERMO
TAXA347.SA,FINANC/TERMO
TAXA259.SA,FINANC/TERMO
TAXA74L.SA,FINANC/TERMO
TAXA229.SA,FINANC/TERMO
TAXA51L.SA,FINANC/TERMO
TAXA253.SA,FINANC/TERMO
TAXA230.SA,FINANC/TERMO
TAXA91L.SA,FINANC/TERMO
TAXA273.SA,FINANC/TERMO
TAXA286.SA,FINANC/TERMO
TAXA306.SA,FINANC/TERMO
TAXA67L.SA,FINANC/TERMO
TAXA73.SA,FINANC/TERMO
TAXA72.SA,FINANC/TERMO
TAXA66L.SA,FINANC/TERMO
TAXA43.SA,FINANC/TERMO
TAXA348.SA,FINANC/TERMO
TAXA133.SA,FINANC/TERMO
TAXA27L.SA,FINANC/TERMO
TAXA272.SA,FINANC/TERMO
TAXA49.SA,FINANC/TERMO
TAXA37L.SA,FINANC/TERMO
TAXA111.SA,FINANC/TERMO
TAXA309.SA,FINANC/TERMO
TAXA16L.SA,FINANC/TERMO
TAXA29L.SA,FINANC/TERMO
TAXA102.SA,FINANC/TERMO
TAXA30L.SA,FINANC/TERMO
TAXA173.SA,FINANC/TERMO
TAXA81L.SA,FINANC/TERMO
TAXA326.SA,FINANC/TERMO
TAXA271.SA,FINANC/TERMO
TAXA277.SA,FINANC/TERMO
TAXA78L.SA,FINANC/TERMO
TAXA76L.SA,FINANC/TERMO
TAXA40.SA,FINANC/TERMO
TAXA112.SA,FINANC/TERMO
TAXA103.SA,FINANC/TERMO
TAXA241.SA,FINANC/TERMO
TAXA327.SA,FINANC/TERMO
TAXA243.SA,FINANC/TERMO
TAXA335.SA,FINANC/TERMO
TAXA289.SA,FINANC/TERMO
TAXA2L.SA,FINANC/TERMO
TAXA276.SA,FINANC/TERMO
TAXA314.SA,FINANC/TERMO
GOLL10.SA,GOL Linhas Aéreas Inteligentes S.A.
TAXA301.SA,FINANC/TERMO
TAXA317.SA,FINANC/TERMO
TAXA25L.SA,FINANC/TERMO
TAXA166.SA,FINANC/TERMO
TAXA270.SA,FINANC/TERMO
TAXA239.SA,FINANC/TERMO
IBRA11.SA,IBRASIL IBR
TAXA33.SA,FINANC/TERMO
TAXA176.SA,FINANC/TERMO
TAXA51.SA,FINANC/TERMO
TAXA61L.SA,FINANC/TERMO
TAXA80L.SA,FINANC/TERMO
TAXA52.SA,FINANC/TERMO
TAXA107.SA,FINANC/TERMO
TAXA95.SA,FINANC/TERMO
TAXA28.SA,FINANC/TERMO
TAXA132.SA,FINANC/TERMO
TAXA186.SA,FINANC/TERMO
TAXA280.SA,FINANC/TERMO
TAXA87L.SA,FINANC/TERMO
TAXA92.SA,FINANC/TERMO
TAXA156.SA,FINANC/TERMO
TAXA275.SA,FINANC/TERMO
TAXA89.SA,FINANC/TERMO
TAXA300.SA,FINANC/TERMO
TAXA137.SA,FINANC/TERMO
TAXA68.SA,FINANC/TERMO
TAXA288.SA,FINANC/TERMO
TAXA56.SA,FINANC/TERMO
TAXA121.SA,FINANC/TERMO
TAXA46L.SA,FINANC/TERMO
TAXA25.SA,FINANC/TERMO
TAXA64.SA,FINANC/TERMO
TAXA94.SA,FINANC/TERMO
TAXA23.SA,FINANC/TERMO
TAXA44.SA,FINANC/TERMO
TAXA124.SA,FINANC/TERMO
TAXA358.SA,FINANC/TERMO
TAXA153.SA,FINANC/TERMO
TAXA38L.SA,FINANC/TERMO
TAXA46.SA,FINANC/TERMO
TAXA52L.SA,FINANC/TERMO
TAXA119.SA,FINANC/TERMO
TAXA292.SA,FINANC/TERMO
TAXA159.SA,FINANC/TERMO
TAXA299.SA,FINANC/TERMO
TAXA26.SA,FINANC/TERMO
TAXA66.SA,FINANC/TERMO
TAXA81.SA,FINANC/TERMO
TAXA160.SA,FINANC/TERMO
TAXA323.SA,FINANC/TERMO
TAXA83L.SA,FINANC/TERMO
TAXA181.SA,FINANC/TERMO
TAXA268.SA,FINANC/TERMO
TAXA199.SA,FINANC/TERMO
TAXA188.SA,FINANC/TERMO
TAXA257.SA,FINANC/TERMO
TAXA72L.SA,FINANC/TERMO
TAXA22L.SA,FINANC/TERMO
TAXA297.SA,FINANC/TERMO
TAXA331.SA,FINANC/TERMO
TAXA39.SA,FINANC/TERMO
TAXA120.SA,FINANC/TERMO
TAXA54.SA,FINANC/TERMO
TAXA197.SA,FINANC/TERMO
TAXA208.SA,FINANC/TERMO
TAXA269.SA,FINANC/TERMO
TAXA19L.SA,FINANC/TERMO
TAXA82L.SA,FINANC/TERMO
TAXA93.SA,FINANC/TERMO
TAXA97.SA,FINANC/TERMO
TAXA298.SA,FINANC/TERMO
TAXA93L.SA,FINANC/TERMO
TAXA206.SA,FINANC/TERMO
TAXA278.SA,FINANC/TERMO
TAXA144.SA,FINANC/TERMO
TAXA223.SA,FINANC/TERMO
TAXA45.SA,FINANC/TERMO
TAXA34.SA,FINANC/TERMO
TAXA182.SA,FINANC/TERMO
TAXA255.SA,FINANC/TERMO
TAXA264.SA,FINANC/TERMO
TAXA21.SA,FINANC/TERMO
TAXA122.SA,FINANC/TERMO
TAXA75L.SA,FINANC/TERMO
TAXA59L.SA,FINANC/TERMO
TAXA216.SA,FINANC/TERMO
TAXA204.SA,FINANC/TERMO
TAXA98L.SA,FINANC/TERMO
TAXA99L.SA,FINANC/TERMO
TAXA89L.SA,FINANC/TERMO
TAXA53L.SA,FINANC/TERMO
TAXA60L.SA,FINANC/TERMO
TAXA40L.SA,FINANC/TERMO
TAXA154.SA,FINANC/TERMO
TAXA226.SA,FINANC/TERMO
TAXA101.SA,FINANC/TERMO
TAXA266.SA,FINANC/TERMO
ALSC3.SA,Aliansce Shopping Centers S.A.
CSAB4F.SA,CSAB4F.SA
ALUP11.SA,Alupar Investimento S.A.
RPAD6.SA,Alfa Holdings S.A.
BRGE5F.SA,BRGE5F.SA
BRGE6F.SA,BRGE6F.SA
BRGE12F.SA,BRGE12F.SA
ITAG11.SA,ITAG ALONG ITA
APTI4.SA,Siderurgica JL Aliperti SA
APTI3.SA,ALIPERTI ON
RPAD3F.SA,RPAD3F.SA
TAEE3.SA,Transmissora Aliança de Energia Elétrica S.A.
MEAL3.SA,International Meal Company Alimentação S.A.
PEAB4.SA,Companhia de Participações Aliança da Bahia
ALLF6L.SA,ALL FAMA PNB* MB
BAUH4.SA,Excelsior Alimentos S.A.
RPAD3.SA,Alfa Holdings S.A.
BRIV3.SA,Banco Alfa de Investimento S.A.
CSAB4.SA,Companhia de Seguros Alianca da Bahia
CSAB3F.SA,CSAB3F.SA
APTI4F.SA,APTI4F.SA
PEAB3.SA,Companhia de Participações Aliança da Bahia
FAMB11B.SA,FD INV IM ALM BARR COTAS
GOOG35F.SA,"Alphabet, Inc."
BRGE7F.SA,BRGE7F.SA
TAEE4.SA,Transmissora Aliança de Energia Elétrica S.A.
CRIV3F.SA,CRIV3F.SA
BRIV3F.SA,BRIV3F.SA
VIGR3.SA,Vigor Alimentos S.A.
MEAL9.SA,International Meal Company Alimentação S.A.
GOOG34F.SA,"Alphabet, Inc."
APTI3F.SA,ALIPERTI ON
BRGE8F.SA,BRGE8F.SA
BRIV4F.SA,BRIV4F.SA
CRIV3.SA,"Financeira Alfa S.A. - Crédito, Financiamento e Investimentos"
CSAB3.SA,Companhia de Seguros Alianca da Bahia
PEAB3F.SA,PEAB3F.SA
CRIV4F.SA,CRIV4F.SA
RPAD5F.SA,RPAD5F.SA
ALMI11B.SA,FD INV IMB TOR ALM COTAS
RPAD5.SA,Alfa Holdings S.A.
AMGN34.SA,Amgen Inc.
AMAR3.SA,Marisa Lojas S.A.
AXPB34F.SA,American Express Company
AXPB34.SA,American Express Company
LAME3.SA,Lojas Americanas S.A.
AMZO34F.SA,"Amazon.com, Inc."
LCAM3.SA,Companhia de Locação das Américas
BOAC34.SA,Bank of America Corporation
LAME-DCA51L0.SA,LOJAS AMERICD51
CBEE3.SA,Ampla Energia e Serviços S.A.
BOAC34F.SA,Bank of America Corporation
AMGN34F.SA,Amgen Inc.
STEN-DEB31L1.SA,STO ANTONIO D31
ANHB-DEB61B0.SA,AUTOBAN D61
ANHB-DEB41L0.SA,AUTOBAN D41 EJA
ANCR11B.SA,FD INV IM ANCAR IC COTAS
ANHB-DEB61L0.SA,AUTOBAN D61
ANHB-DEB42L0.SA,AUTOBAN D42
FAED11B.SA,FD INV IM ANHANGUE COTAS
ANHB-DEB51B0.SA,AUTOBAN D51
BPHA11.SA,"BR PHARMA DM 1,00"
ANIM3.SA,GAEC Educação S.A.
ANHB-DEB41B0.SA,AUTOBAN D41 EJA
STEN-DEB31L0.SA,STO ANTONIO D31
STEN-DEB31B0.SA,STO ANTONIO D31
FJTA12.SA,FORJA TAURUSBNS PRE N2
ANHB-DEB42B0.SA,AUTOBAN D42
ANHB-DEB51L1.SA,AUTOBAN D51
STEN-DEB32B0.SA,STO ANTONIO D32
AQLL11.SA,Aquilla Fundo Invest Imobiliario - Cotas Fund
ARTR3.SA,Arteris S.A.
FJTA10.SA,Forjas Taurus S.A.
MOAR3.SA,Monteiro Aranha S.A.
MOAR3F.SA,MOAR3F.SA
FJTA9.SA,Forjas Taurus S.A.
ARCN5L.SA,ARTECON PNA
ARMT34F.SA,ARMT34F.SA
ARMT34.SA,ARCELOR DRN
ASCP-DEB14B0.SA,ECOPISTAS D14
ASCP-DEB12L1.SA,ECOPISTAS D12
ASCP-DEB14L1.SA,ECOPISTAS D14
ASCP-DEB11L1.SA,ECOPISTAS D11
ASCP-DEB12B0.SA,ECOPISTAS D12
ASCP-DEB13L1.SA,ECOPISTAS D13
ASCP-DEB12L0.SA,ECOPISTAS D12
ESUD11.SA,Fundo de Investimento em Participações em Infraestrutura BB Votorantim Energia Sustentável II
ATTB34.SA,AT&T Inc.
VSPT3F.SA,VSPT3F.SA
ATTB34F.SA,"AT&T, Inc."
FIGS11.SA,Fundo de Investimento Imobiliário General Shopping Ativo e Renda - FII
ATOM3.SA,ATOM Participações S.A.
AVON34F.SA,Avon Products Inc.
AVON34.SA,"Avon Products, Inc."
VULC3.SA,Vulcabras|azaleia S.A.
AZEV3F.SA,AZEV3F.SA
AZGT5L.SA,AMAZON GOLF PNA* MB
AZEV3.SA,Azevedo & Travassos S.A.
SANB4.SA,Banco Santander (Brasil) S.A.
SANB3.SA,Banco Santander (Brasil) S.A.
TOYB3.SA,Tec Toy S/A
TELB4.SA,Telecomunicações Brasileiras S.A. - TELEBRÁS
SUZB5.SA,Suzano Papel e Celulose S.A.
DAYC4.SA,Banco Daycoval S.A.
BSLI3.SA,BRB - Banco de Brasília S.A.
BMEB4.SA,Banco Mercantil do Brasil S.A.
BGIP4.SA,Banco do Estado de Sergipe S.A.
BICB4.SA,Banco Industrial e Comercial S.A.
BPAN4.SA,Banco Pan S.A.
CAMB4.SA,Cambuci S.A.
CAMB4F.SA,CAMB4F.SA
IMAT11.SA,IMAT BASICOSIMA
TELB3F.SA,TELB3F.SA
CRBD-DEB12B0.SA,RT BANDEIRASD12 EM
BALM4.SA,Baumer S.A.
PEPB34.SA,"Pepsico, Inc."
IBMB34F.SA,International Business Machines Corporation
IBMB34.SA,International Business Machines Corporation
HPQB34.SA,HP Inc.
BBTG11.SA,BTG Pactual Group
BBSE3.SA,BB Seguridade Participações S.A.
LMTB34.SA,Lockheed Martin Corporation
BBVH-FIDS1B0.SA,FDC INFRA FS1
KHCB34.SA,The Kraft Heinz Company
BMYB34F.SA,Bristol-Myers Squibb Company
METB34F.SA,"MetLife, Inc."
BBSD.SA,BB ETF SP DV
BBPO11.SA,BB Progressivo II Fundo de Investimento Imobiliário - FII
BBRC11.SA,BB Renda Corporativa Fundo de Investimento Imobiliário - FII
PEPB34F.SA,"Pepsico, Inc."
RNDP11.SA,BB Renda de Papéis Imobiliários Fundo de Investimento Imobiliário - FII
TWXB34.SA,Time Warner Inc.
JNJB34F.SA,Johnson & Johnson
BBVH-FID01B0.SA,FDC INFRA F01
HONB34F.SA,Honeywell International Inc.
BBIM11.SA,FII BB RECIMCI
DISB34.SA,The Walt Disney Company
DISB34F.SA,The Walt Disney Company
KMBB34F.SA,Kimberly-Clark Corporation
LMTB34F.SA,Lockheed Martin Corporation
BBRK3.SA,Brasil Brokers Participações S.A.
SBUB34.SA,Starbucks Corporation
DOWB34F.SA,The Dow Chemical Company
FMXB34.SA,FEMSA DRN
BBFI11B.SA,BB FDO DE INVST I COTAS
BBDC2.SA,BBDC2.SA
HONB34.SA,Honeywell International Inc.
BBDC1.SA,BBDC1.SA
HPQB34F.SA,HP Inc.
DOWB34.SA,The Dow Chemical Company
TGTB34.SA,Target Corporation
SBUB34F.SA,Starbucks Corporation
BMYB34.SA,Bristol-Myers Squibb Company
FMXB34F.SA,FMXB34F.SA
TGTB34F.SA,Target Corp.
FDXB34F.SA,FedEx Corporation
KMBB34.SA,Kimberly-Clark Corporation
BBSD11.SA,BB ETF S&P Dividendos Brasil Fundo de Indice
METB34.SA,"MetLife, Inc."
SANB11.SA,Banco Santander (Brasil) S.A.
BRSR5.SA,Banco do Estado do Rio Grande do Sul S.A.
MATB.SA,IT NOW IMAT
BRSR6.SA,Banco do Estado do Rio Grande do Sul S.A.
BNBR3.SA,Banco do Nordeste do Brasil S.A.
PIBB11.SA,It Now PIBB IBrX-50 Index Fund
IDVL4.SA,Banco Indusval S.A.
FIIB11.SA,Real Estate Investment Fund Industry in Brazil
MATB11.SA,It Now IMAT Index Fund
BMIN4.SA,Banco Mercantil de Investimentos S.A.
BRSR3.SA,Banco do Estado do Rio Grande do Sul S.A.
BMIN3.SA,Banco Mercantil de Investimentos S.A.
BPAR3.SA,BANPARA ON
IDVL10.SA,Banco Indusval S.A.
PIBB.SA,IT NOW PIBB
IDVL3.SA,Banco Indusval S.A.
RBCB11.SA,Rio Bravo Crédito Imobiliário I Fundo de Investimento Imobiliário
BCRI11.SA,Banestes Recebiveis Imobiliarios Fundo Investimento Imobiliario FII
BGIP3.SA,Banco do Estado de Sergipe S.A.
WMRB11B.SA,WM RB CAPITAL- FII COTAS
NCHB11B.SA,FD INV IM NCH BRAS COTAS
BCFF11B.SA,FD INV IMO FII COTAS
IVVB11.SA,iShares S&P 500 Fundo de Investimento - Investimento No Exterior
IDVL9.SA,Banco Indusval S.A.
BDLL3F.SA,BDLL3F.SA
BDLS-DEB31L1.SA,BRADESCO LSGD31
BDLS-DEB41B0.SA,BRADESCO LSGD41
BDLS-DEB41L0.SA,BRADESCO LSGD41
BDLS-DEB110B.SA,BRADESCO LSGD11
BDLS-DEB310B.SA,BRADESCO LSGD31
BDLL4F.SA,BDLL4F.SA
BDLS-DEB11L1.SA,BRADESCO LSGD11
BDLS-DEB31B0.SA,BRADESCO LSGD31
BDLL4.SA,Bardella S.A. Indústrias Mecânicas
BDLS-DEB11L0.SA,BRADESCO LSGD11
BDLL3.SA,Bardella S.A. Indústrias Mecânicas
BDLS-DEB51L0.SA,BRADESCO LSGD51
BDLS-DEB41L1.SA,BRADESCO LSGD41
BDLS-DEB11B0.SA,BRADESCO LSGD11
BEEF3.SA,Minerva S.A.
FIGE3.SA,Investimentos Bemge S.A.
FIGE3F.SA,FIGE3F.SA
FIGE4F.SA,FIGE4F.SA
FIGE4.SA,Investimentos Bemge S.A.
BEES4.SA,Banestes S.A - Banco do Estado do Espírito Santo S.A.
PBEL3B.SA,BELAPART SA COM NPV
BFRE11.SA,BRAZILIAN FRPRA
BFRE12.SA,BRAZILIAN FRPRB
BGIP4F.SA,BGIP4F.SA
BGIP3F.SA,BGIP3F.SA
IMOB11.SA,IMOBILIARIO IMO
BIOM3.SA,Biomm S.A.
BSEV3.SA,Biosev S.A.
BMKS3.SA,Bicicletas Monark S.A.
BICB3.SA,Banco Industrial e Comercial S.A.
TENE7.SA,TECBLU-Tecelagem Blumenau S.A.
TENE7L.SA,TEC BLUMENAUPNC
TENE5.SA,TECBLU-Tecelagem Blumenau S.A.
TENE5F.SA,TENE5F.SA
BMLC11B.SA,FD INV IMO FII BM COTAS
BMIN3F.SA,BMIN3F.SA
BMIN10.SA,MERC INVEST PN REC
BMTO3F.SA,BMTO3F.SA
UTIP11.SA,iShares UTIL BM&FBOVESPA Index
CSMO11.SA,iShares BM&FBOVESPA Consumo Index
BMIN9.SA,MERC INVEST ON REC
BNDP-DEB62L1.SA,BNDESPAR D62 MB
BNDP-DEB62B0.SA,BNDESPAR D62 MB
BNDP-DEB53L0.SA,BNDESPAR D53 MB
BNFS11.SA,Banrisul N Front Fund Investment IMO FII Fund
PDGR11.SA,PDG REALT BNS ORD NM
BNDP-DEB63L0.SA,BNDESPAR D63 MB
BNDP-DEB53B0.SA,BNDESPAR D53 MB
BNDP-DEB61L0.SA,BNDESPAR D61 MB
BNDP-DEB62L0.SA,BNDESPAR D62 MB
BNDP-DEB61B0.SA,BNDESPAR D61 MB
BOXP34.SA,"Boston Properties, Inc."
BOVA.SA,ISHARES BOVA
BOBR4.SA,Bombril S.A.
BOEI34F.SA,The Boeing Company
RBBV11.SA,JHSF Rio Bravo Fazenda Boa Vista Capital Protegido Fundo de Investimento Imobiliário - FII
BOBR3.SA,BOMBRIL ON
BOEI34.SA,The Boeing Company
BOXP34F.SA,Boston Properties Inc.
BPAR3F.SA,BPAR3F.SA
BPAT33F.SA,BPAT33F.SA
BPAT33.SA,PATAGONIA DR3
LIGT3.SA,Light S.A.
BRML3.SA,BR Malls Participações S.A.
BRFS3.SA,BRF S.A.
TPIS3.SA,Triunfo Participações e Investimentos S.A.
SLBG34.SA,Schlumberger Limited
SHUL4.SA,Schulz S.A.
SHUL3.SA,Schulz S.A.
RLOG3.SA,Cosan Logística S.A.
RENT3.SA,Localiza Rent a Car S.A.
RAPT4.SA,Randon S.A. Implementos e Participações
RANI3.SA,Celulose Irani S.A.
PLAS3.SA,Plascar Participações Industriais S.A.
PETR3.SA,Petróleo Brasileiro S.A. - Petrobras
PATI3.SA,Panatlântica S.A.
MTIG4.SA,Metalgráfica Iguaçu S.A.
MSFT34.SA,Microsoft Corporation
MSBR34.SA,Morgan Stanley
MOSC34F.SA,The Mosaic Company
MMMC34.SA,3M Company
LREN3.SA,Lojas Renner S.A.
LBRN34F.SA,"L Brands, Inc."
HYPE3.SA,Hypermarcas S.A.
HALI34F.SA,Halliburton Company
HALI34.SA,Halliburton Company
GUAR4.SA,Guararapes Confeccoes S.A.
GSGI34F.SA,"The Goldman Sachs Group, Inc."
GSGI34.SA,"The Goldman Sachs Group, Inc."
GGBR3.SA,Gerdau S.A.
ETER3.SA,Eternit S.A.
EQTL3.SA,Equatorial Energia S.A.
ELPL4.SA,Eletropaulo Metropolitana Eletricidade de São Paulo S.A.
ELET6.SA,Centrais Elétricas Brasileiras S.A. - Eletrobras
EKTR4.SA,Elektro Redes S.A.
CZLT33.SA,Cosan Limited
CTNM4.SA,Companhia de Tecidos Norte de Minas
CSAN3.SA,Cosan S.A. Indústria e Comércio
COLG34F.SA,Colgate-Palmolive Co.
CLSC3.SA,Centrais Elétricas de Santa Catarina S.A.
CIEL3.SA,Cielo S.A.
CATP34.SA,Caterpillar Inc.
CALI3F.SA,CALI3F.SA
BRPR3.SA,BR Properties S.A.
BRKM3.SA,Braskem S.A.
BRAP4.SA,Bradespar S.A.
SPRI6.SA,Springer S/A
RBCS-CRI2PL0.SA,RBCAPITALSECC2P MB
RBCS-CRI97B0.SA,RBCAPITALSECC97 MB
UPAC34.SA,Union Pacific Corporation
OPHF11B.SA,OPPORT HOLDING FIP COTAS
EEEL4F.SA,EEEL4F.SA
BSCS-CRIC1B0.SA,BRAZILIAN SCCC1 EJA
MERC3.SA,Mercantil do Brasil Financeira S.A.
BSCS-CRIT1B0.SA,BRAZILIAN SCCT1 EJA
PDGS-CRI33L0.SA,PDG SECURIT C33
IDNT3.SA,Ideiasnet S.A.
CPTS11B.SA,CAPITANIA SEC II COTAS
ENGI4.SA,Energisa S.A.
MRCK34.SA,"Merck & Co., Inc."
ELEK3F.SA,ELEK3F.SA
CGAS-DEB43B0.SA,COMGAS D43
IGNM11.SA,IGC - NM IGN
HYPE-DEB33L1.SA,HYPERMARCAS D33 NM
CELP3.SA,Centrais Elétricas do Pará S.A.
BVLS-DEB21B0.SA,BV LEASING D21
BSCS-CRIZ3L0.SA,BRAZILIAN SCCZ3
SBSP-DEB7BL1.SA,SABESP D7B NM
MULT3.SA,Multiplan Empreendimentos Imobiliários S.A.
BVLS-DEB41L1.SA,BV LEASING D41
SLED3.SA,Saraiva S.A. Livreiros Editores
TOYB4.SA,Tec Toy S/A
TPIS-DEB41B0.SA,TRIUNFO PARTD41 NM
GPIV33.SA,"GP Investments, Ltd."
TIBR6.SA,Cristal Pigmentos do Brasil S.A.
PDGR9.SA,PDG Realty S.A. Empreendimentos e Participacoes
VIVT-DEB43B0.SA,TELEF BRASILD43
CELP5F.SA,CELP5F.SA
BSCS-CRIG1L1.SA,BRAZILIAN SCCG1
CRBD-DEB11B0.SA,RT BANDEIRASD11 EM
CSCO34.SA,"Cisco Systems, Inc."
TWTR34F.SA,"Twitter, Inc."
BVLS-DEB21L0.SA,BV LEASING D21
ECOO.SA,ISHARES ECOO
ISEE11.SA,ISUSTENTABILISE
VALE-DEB82L1.SA,VALE D82 N1
BAHI3.SA,Bahema S.A.
PDGS-CRI14L1.SA,PDG SECURIT C14
MSCD34.SA,Mastercard Incorporated
RBCS-CRI82B0.SA,RBCAPITALSECC82 MB
RBCS-CRI86B0.SA,RBCAPITALSECC86 MB
CLSC4.SA,Centrais Elétricas de Santa Catarina S.A.
RBCS-CRI85B0.SA,RBCAPITALSECC85 MB
CTGP34F.SA,Citigroup Inc.
EVEN3.SA,Even Construtora e Incorporadora S.A.
PRCF-FID01B0.SA,FDC NP 48701F01 MB
ENGI-DEB73B0.SA,ENERGISA D73
SAIC11B.SA,FUNDO INVEST IMOB COTAS
PNVL4F.SA,PNVL4F.SA
FISD11.SA,Sao Domingos Fundo Ivestimento Imobiliario Fii
PMSP12BL.SA,CEPAC - PMSPCPA MB
TEPE-DEB13B0.SA,TERM. PE IIID13
PNVL4.SA,Dimed S.A. Distribuidora de Medicamentos
CEOC11B.SA,FD INV IMOB FII CE COTAS
BSCS-CRIS8B0.SA,BRAZILIAN SCCS8
BSCS-CRIH70B.SA,BRAZILIAN SCCH7 EJA
BSCS-CRIS8L0.SA,BRAZILIAN SCCS8
CMGD-DEB31L1.SA,CEMIG DIST D31
ISUS.SA,IT NOW ISE
SBSP-DEB7BL0.SA,SABESP D7B NM
SCLO4F.SA,SCLO4F.SA
MCDC34F.SA,McDonald's Corp.
MOBI.SA,MOBI.SA
CXRI11.SA,CXFI - Caixa Rio Bravo Fundo Fundos
CEEB5F.SA,CEEB5F.SA
TCNO4.SA,Tecnosolo Engenharia S.A.
CTBC-DEB21L0.SA,CTBC TELECOMD21
LBRN34.SA,"L Brands, Inc."
RCSL3F.SA,RCSL3F.SA
FBMC4F.SA,FBMC4F.SA
OCTS-CRA310B.SA,OCTANTE SEC A31
CORR4F.SA,CORR4F.SA
GOAU3.SA,Metalurgica Gerdau S.A.
LREN-DEB42L0.SA,LOJAS RENNERD42 NM
KLBN-DCA61L0.SA,KLABIN S/A D61 N2
TRPL4.SA,CTEEP - Companhia de Transmissão de Energia Elétrica Paulista
MNPR3.SA,Minupar Participações S/A.
UTIL11.SA,UTILITIES UTI
LHER4F.SA,LHER4F.SA
ORCL34F.SA,Oracle Corporation
PPHT5L.SA,PRAIA HOTEL PNA* MB
DUQE4.SA,DUQE4.SA
LREN-DEB42B0.SA,LOJAS RENNERD42 NM
RCSL1.SA,"RECRUSUL DO 1,50"
VOES-DEB41L1.SA,VIAOESTE D41
TGLT32F.SA,TGLT32F.SA
CGAS-DEB42L0.SA,COMGAS D42
BSCS-CRII5L0.SA,BRAZILIAN SCCI5
ICO211.SA,ICO2 ICO
SULT4.SA,Construtora Sultepa S.A.
OCTS-CRA31B0.SA,OCTANTE SEC A31
MGIP-DEB31L0.SA,MGI PARTICIPD31
DUQE3.SA,DUQE3.SA
SCLO4.SA,Companhia Industrial Schlosser S.A.
SNSL3.SA,Senior Solution S.A.
BSCS-CRIC0L0.SA,BRAZILIAN SCCC0 EJA
RBPD11.SA,RBPD11.SA
FSPE11.SA,Fiset Pesca Fiset Fspe
BSCS-CRIT1L0.SA,BRAZILIAN SCCT1 EJA
BSCS-CRIO6L0.SA,BRAZILIAN SCCO6 EJA
MBRF11.SA,Fundo De Investimento Imobiliário Mercantil Do Brasil-fii -Inicio
CRPG6.SA,Cristal Pigmentos do Brasil S.A.
CMCS34.SA,Comcast Corporation
PDGS-CRI13L0.SA,PDG SECURIT C13
RADL3.SA,Raia Drogasil S.A.
PDGS-CRI37L0.SA,PDG SECURIT C37
TRIS3.SA,Trisul S.A.
PLRI11.SA,Polo Fundo de Investimento Imobiliario  FII Recebiveis Imobiliarios IMO - Cotas Fund
CTNM3F.SA,CTNM3F.SA
SGPS3.SA,Springs Global Participações S.A.
CSMG3.SA,Companhia de Saneamento de Minas Gerais
ENMT3.SA,Energisa Mato Grosso - Distribuidora de Energia S/A
RBRD11.SA,RB Capital Renda II Fundo de Investimento Imobiliário - FII
RANI4.SA,Celulose Irani S.A.
FIIP11B.SA,RB CAP RENDA I FD COTAS
BRCS-CRI1AL0.SA,BRC SECURIT C1A
SDIL11.SA,SDI Logística Rio - Fundo de Investimento Imobiliário - FII
ENGI9.SA,Energisa S.A.
ELDO11B.SA,ELDORADO FD INV IM COTAS
CORR3F.SA,CORR3F.SA
DHER34.SA,Danaher Corporation
BRPR-DEB12L1.SA,BR PROPERT D12 NM
PCAR3.SA,Companhia Brasileira de Distribuição
RBCS-CRI040B.SA,RBCAPITALSECC04 EJA MB
VALE-DEB81L0.SA,VALE D81 N1
BSCS-CRII4L0.SA,BRAZILIAN SCCI4
BSCS-CRI79B0.SA,BRAZILIAN SCC79 EJA
BRKM6.SA,Braskem S.A.
ITEC3.SA,Itautec S.A. - Grupo Itautec
USIM6F.SA,USIM6F.SA
CELP6F.SA,CELP6F.SA
BRML-DEB41L0.SA,BR MALLS PARD41 NM
RBCS-CRI91L0.SA,RBCAPITALSECC91 MB
EKTR3.SA,Elektro Redes S.A.
SAPR4.SA,Companhia de Saneamento do Paraná - SANEPAR
RBCS-CRI87L0.SA,RBCAPITALSECC87 MB
FBSG5L.SA,FIABESA GUARPNA* MB
BUET4.SA,BUETTNER SA IND
PATI9.SA,Panatlântica S.A.
BSCS-CRIJ1L0.SA,BRAZILIAN SCCJ1 EJA
CMGT-DEB31L0.SA,CEMIG GT D31
BSCS-CRII9B0.SA,BRAZILIAN SCCI9 EJA
PINE4.SA,Banco Pine S.A.
CESP5.SA,CESP - Companhia Energética de São Paulo
CCHI3.SA,Ceramica Chiarelli S.A.
KNRI11.SA,Kinea Renda Imobiliária Fundo de Investimento Imobiliário
SCPF11.SA,Scp Fundo De Investimento NPV
UNID-DEB21L0.SA,UNIDAS D21
COPH34.SA,ConocoPhillips
CREM3.SA,Cremer S.A.
MGEL4.SA,Mangels Industrial S.A.
PLSC-CRI1CL1.SA,POLO CAP SECC1C
CTXT11.SA,Fundo Invest Imobiliario Centro Textil Internacional - Cotas Fund
BRML-DEB21L1.SA,BR MALLS PARD21 NM
MAPT4F.SA,MAPT4F.SA
RBCS-CRI2RL1.SA,RBCAPITALSECC2R MB
TEPE-DEB11L0.SA,TERM. PE IIID11
TRXL11.SA,TRX Realty Logística Renda I Fundo de Investimento Imobiliário - FII
BSCS-CRI460B.SA,BRAZILIAN SCC46
MTAM6L.SA,METALMAZON PNB*
BRPR-DEB11L1.SA,BR PROPERT D11 NM
INEP-DCA61L0.SA,INEPAR D61 N1
BRML-DEB21B0.SA,BR MALLS PARD21 NM
ENBR-DEB43L1.SA,ENERGIAS BR D43 NM
RBCS-CRI84L1.SA,RBCAPITALSECC84 MB
MSBR34F.SA,Morgan Stanley
PDGR-DCA81B0.SA,PDG REALT D81 NM
CORR4.SA,Corrêa Ribeiro S.A. Comércio e Indústria
BSCS-CRII50B.SA,BRAZILIAN SCCI5
BSCS-CRIG2B0.SA,BRAZILIAN SCCG2
CEPE5.SA,Companhia Energética de Pernambuco - CELPE
BSCS-CRII9L0.SA,BRAZILIAN SCCI9 EJA
SCLO3.SA,SCHLOSSER (CIA IN)
ENBR-DEB430B.SA,ENERGIAS BR D43 NM
FCXO34F.SA,Freeport-McMoRan Inc.
BSCS-CRIZ3B0.SA,BRAZILIAN SCCZ3
BSCS-CRIO50B.SA,BRAZILIAN SCCO5 EJA
MERC4.SA,Mercantil do Brasil Financeira S.A.
DHER34F.SA,Danaher Corp.
RBCS-CRI73B0.SA,RBCAPITALSECC73 MB
ELPL3.SA,Eletropaulo Metropolitana Eletricidade de São Paulo S.A.
ELPL-DEB1AL1.SA,ELETROPAULO D1A N2
BUET3.SA,BUETTNER SA IND
PATI10.SA,Panatlântica S.A.
SBSP-DEB7AL1.SA,SABESP D7A NM
DIRR3.SA,Direcional Engenharia S.A.
FEXC11B.SA,FD INV IMO FII BTG COTAS
BSCS-CRIG2L1.SA,BRAZILIAN SCCG2
CRPG5.SA,Cristal Pigmentos do Brasil S.A.
SPRI6F.SA,SPRI6F.SA
CGAS-DEB43L1.SA,COMGAS D43
CCPR9.SA,Cyrela Commercial Properties S.A. Empreendimentos e Participações
CASN3F.SA,CASN3F.SA
BZRS-CRI11L0.SA,BRAZIL REALTC11
PTNT3.SA,Pettenati S/A - Indústria Têxtil
PCMR5L.SA,PRINCOMAR PNA*
PRBC4.SA,Paraná Banco S.A.
FRES11.SA,FRES11.SA
EEEL3.SA,Companhia Estadual de Geração e Transmissão de Energia Elétrica - CEEE-GT
CPTP9B.SA,CAPITALPART ON REC MB
CEEB5.SA,Companhiade Eletricidade do Estado da Bahia - COELBA
BSCS-CRIO6L1.SA,BRAZILIAN SCCO6 EJA
BSCS-CRIG10B.SA,BRAZILIAN SCCG1
SMLL11.SA,SMALL CAP SML
MGIP-DEB31B0.SA,MGI PARTICIPD31
EBEN-DEB41L1.SA,EBE D41
MNDL3F.SA,MNDL3F.SA
CYRE-DEB22L1.SA,CYRELA REALTD22 NM
CMCS34F.SA,Comcast Corporation
CEDO3.SA,Companhia de Fiação e Tecidos Cedro e Cachoeira S.A.
RBCS-CRI85L0.SA,RBCAPITALSECC85 MB
ITLC34F.SA,Intel Corporation
ITUB3.SA,Itaú Unibanco Holding S.A.
TRPL3F.SA,TRPL3F.SA
LUXM4.SA,Trevisa Investimentos S.A.
FBMC3.SA,FIBAM ON
BSCS-CRIT2L1.SA,BRAZILIAN SCCT2
SWET3F.SA,SWET3F.SA
PDGS-CRI15L1.SA,PDG SECURIT C15 ER
CESP5F.SA,CESP5F.SA
FIND11.SA,It Now IFNC Index Fund
PLSC-CRI1CL0.SA,POLO CAP SECC1C
USBC34F.SA,U.S. Bancorp
BSCS-CRIZ4L0.SA,BRAZILIAN SCCZ4
RNAR3.SA,Renar Macas S/a
HYPE-DEB33B0.SA,HYPERMARCAS D33 NM
RBCS-CRI82L0.SA,RBCAPITALSECC82 MB
RBCS-CRI030B.SA,RBCAPITALSECC03 EJA MB
BZRS-CRI21L0.SA,BRAZIL REALTC21
BSCS-CRIC1L1.SA,BRAZILIAN SCCC1 EJA
SOND3.SA,Sondotécnica Engenharia de Solos S.A.
SAIP-DEB11L1.SA,SALUS INFRA D11
COCE6F.SA,COCE6F.SA
CGAS3.SA,Companhia de Gás de São Paulo - COMGÁS
VALE-DEB84L1.SA,VALE D84 N1
BSCS-CRIJ0L1.SA,BRAZILIAN SCCJ0
PLPF-FID01B0.SA,FDC POLO F01 MB
TGLT32.SA,TGLT S.A.
MXRC11.SA,Máxima Renda Corporativa Fundo de Investimento Imobiliário - FII
CRVD5L.SA,DON CAROLINAPNA*
MTIG3.SA,Metalgrafica Iguacu S.A.
CMGD-DEB32B0.SA,CEMIG DIST D32
PDGR-DEB11B0.SA,PDG REALT D11 NM
BRAX.SA,ISHARES BRAX
IGBR3.SA,IGB Eletronica S.A.
BSCS-CRIT4B0.SA,BRAZILIAN SCCT4
BSCS-CRIS7L1.SA,BRAZILIAN SCCS7
BSCS-CRII90B.SA,BRAZILIAN SCCI9 EJA
BSCS-CRIF9L0.SA,BRAZILIAN SCCF9
BSCS-CRI79L0.SA,BRAZILIAN SCC79 EJA
BSCS-CRIH6B0.SA,BRAZILIAN SCCH6 EJA
BSCS-CRIS80B.SA,BRAZILIAN SCCS8
BSCS-CRIS7L0.SA,BRAZILIAN SCCS7
BSCS-CRIJ2L0.SA,BRAZILIAN SCCJ2
BSCS-CRIT4L0.SA,BRAZILIAN SCCT4
BSCS-CRIT3L1.SA,BRAZILIAN SCCT3
BSCS-CRII40B.SA,BRAZILIAN SCCI4
BSCS-CRIO5L1.SA,BRAZILIAN SCCO5 EJA
BSCS-CRIG00B.SA,BRAZILIAN SCCG0
BSCS-CRIJ3L0.SA,BRAZILIAN SCCJ3
BSCS-CRIJ0B0.SA,BRAZILIAN SCCJ0
BSCS-CRIH6L1.SA,BRAZILIAN SCCH6 EJA
BSCS-CRI790B.SA,BRAZILIAN SCC79 EJA
BSCS-CRIJ00B.SA,BRAZILIAN SCCJ0
BSCS-CRIS70B.SA,BRAZILIAN SCCS7
BSCS-CRIJ3L1.SA,BRAZILIAN SCCJ3
BSLI4F.SA,BSLI4F.SA
BSCS-CRIZ30B.SA,BRAZILIAN SCCZ3
BSCS-CRIT3B0.SA,BRAZILIAN SCCT3
BSCS-CRIO60B.SA,BRAZILIAN SCCO6 EJA
BSCS-CRIF9B0.SA,BRAZILIAN SCCF9
BSCS-CRIZ4L1.SA,BRAZILIAN SCCZ4
BSCS-CRII4B0.SA,BRAZILIAN SCCI4
BSCS-CRIZ4B0.SA,BRAZILIAN SCCZ4
BSCS-CRI46L1.SA,BRAZILIAN SCC46
BSCS-CRIG1B0.SA,BRAZILIAN SCCG1
BSCS-CRIF90B.SA,BRAZILIAN SCCF9
BSCS-CRIJ0L0.SA,BRAZILIAN SCCJ0
BSLI3F.SA,BSLI3F.SA
BSLI4.SA,BRB - Banco de Brasília S.A.
BSCS-CRI46L0.SA,BRAZILIAN SCC46
BSCS-CRIT2L0.SA,BRAZILIAN SCCT2
BSCS-CRIG2L0.SA,BRAZILIAN SCCG2
BSCS-CRII5L1.SA,BRAZILIAN SCCI5
BSCS-CRIJ1B0.SA,BRAZILIAN SCCJ1 EJA
BSCS-CRIT3L0.SA,BRAZILIAN SCCT3
BSCS-CRIT0B0.SA,BRAZILIAN SCCT0 EJA
BSCS-CRIF9L1.SA,BRAZILIAN SCCF9
BSCS-CRIG0L0.SA,BRAZILIAN SCCG0
BSCS-CRIO5L0.SA,BRAZILIAN SCCO5 EJA
BSCS-CRIS7B0.SA,BRAZILIAN SCCS7
BSCS-CRII5B0.SA,BRAZILIAN SCCI5
BSCS-CRIG0B0.SA,BRAZILIAN SCCG0
BSCS-CRIH7L0.SA,BRAZILIAN SCCH7 EJA
BRCR11.SA,Fundo De Investimento Imobiliario Brazilian Capital Real Estate
BTGM11.SA,Fundo de Investimento Imobiliário - FII BTG Pactual Malls
BURI5L.SA,AGRO BURITI PNA*
BUET3F.SA,BUET3F.SA
BVLS-DEB110B.SA,BV LEASING D11
BVAR11.SA,Fundo De Investimento Imobiliário Brasil Varejo
BVLS-DEB12B0.SA,BV LEASING D12
BVLS-DEB41B0.SA,BV LEASING D41
BVLS-DEB42L0.SA,BV LEASING D42
BVLS-DEB11B0.SA,BV LEASING D11
BZRS-CRI11B0.SA,BRAZIL REALTC11
BZRS-CRI21B0.SA,BRAZIL REALTC21
USBC34.SA,U.S. Bancorp
ITLC34.SA,Intel Corporation
UTEC34F.SA,United Technologies Corporation
JPMC34F.SA,JPMorgan Chase & Co.
MOSC34.SA,The Mosaic Company
MMMC34F.SA,3M Company
CCXC3.SA,CCX Carvão da Colômbia S.A.
DOMC11.SA,Domo Fundo de Investimento Imobiliário - FII
TSNC11.SA,FII TRANSINCCI
GWIC11.SA,Fundo de Investimento Imobiliário - FII GWI Condomínios Logísticos
CCHI4F.SA,CCHI4F.SA
CCHI4.SA,Ceramica Chiarelli S.A.
CCPR3.SA,Cyrela Commercial Properties S.A. Empreendimentos e Participações
CTBC-DEB21B0.SA,CTBC TELECOMD21
CTBC-DEB22L1.SA,CTBC TELECOMD22
CMGD-DEB33B0.SA,CEMIG DIST D33
GPAR3.SA,Companhia Celg de Participações
CEPE6.SA,Companhia Energética de Pernambuco - CELPE
CMGT-DEB32B0.SA,CEMIG GT D32
CELP6.SA,Centras Elétricas do Pará S/A
COCE5.SA,Companhia Energética do Ceará - Coelce
CEBR6F.SA,CEBR6F.SA
CNES11B.SA,FD INV IMO FII CEN COTAS
CEDO3F.SA,CEDO3F.SA
CELP7F.SA,CELP7F.SA
CEPE3.SA,CELPE ON
CMGT-DEB33B0.SA,CEMIG GT D33
COCE3.SA,Companhia Energética do Ceará - Coelce
COCE6.SA,COELCE PNB
CEED4F.SA,CEED4F.SA
MAPT3F.SA,MAPT3F.SA
CELP5.SA,Centrais Elétricas do Pará S.A.
SUZB6.SA,SUZANO PAPELPNB N1
CMGT-DEB31B0.SA,CEMIG GT D31
CEED4.SA,Companhia Estadual de Distribuição de Energia Elétrica
CMGD-DEB32L1.SA,CEMIG DIST D32
CEBR6.SA,Companhia Energética de Brasília - CEB
CEDO4F.SA,CEDO4F.SA
CMGD-DEB33L1.SA,CEMIG DIST D33
CMGT-DEB33L0.SA,CEMIG GT D33
CEED3F.SA,CEED3F.SA
CMGT-DEB32L0.SA,CEMIG GT D32
CLSC3F.SA,CLSC3F.SA
CLGN34.SA,Celgene Corporation
RANI4F.SA,RANI4F.SA
MAPT4.SA,Cemepe Investimentos S.A.
PQDP11.SA,Parque Dom Pedro Shopping Center Fund
CEDO4.SA,Companhia de Fiação e Tecidos Cedro e Cachoeira S.A.
VSPT3.SA,Ferrovia Centro-Atlântica S.A.
CMGD-DEB21L1.SA,CEMIG DIST D21
CELP7.SA,Centrais Elétricas do Pará S.A.
CEBR5.SA,Companhia Energética de Brasília - CEB
CEPE5F.SA,CEPE5F.SA
MAPT3.SA,Cemepe Investimentos S.A.
CEBR3.SA,Companhia Energética de Brasília - CEB
CESP3.SA,CESP - Companhia Energética de São Paulo
CEED3.SA,Companhia Estadual de Distribuição de Energia Elétrica
CEGR3F.SA,CEGR3F.SA
CEPE6F.SA,CEPE6F.SA
PMSP12B.SA,PREFEIT SAO PAULO CERT (CONS FA
CMGD-DEB33L0.SA,CEMIG DIST D33
CEBR3F.SA,CEBR3F.SA
CEBR5F.SA,CEBR5F.SA
CXCE11B.SA,FD INV IMOB CAIXA COTAS
CEEB3.SA,Companhiade Eletricidade do Estado da Bahia - COELBA
ELET5.SA,Centrais Elétricas Brasileiras S.A. - Eletrobras
CGAS-DEB42L1.SA,COMGAS D42
CGAS-DEB33L0.SA,COMGAS D33
CGAS-DEB32B0.SA,COMGAS D32
CGAS-DEB43L0.SA,COMGAS D43
CGAS-DEB410B.SA,COMGAS D41
CGAS-DEB31L0.SA,COMGAS D31
CGAS-DEB31L1.SA,COMGAS D31
CGAS-DEB33L1.SA,COMGAS D33
CGAS-DEB430B.SA,COMGAS D43
CGAS-DEB32L0.SA,COMGAS D32
CGAS-DEB41L0.SA,COMGAS D41
CGAS-DEB31B0.SA,COMGAS D31
FNAM11.SA,Fundo de Investimento Amazônia - FINAM
CSRN5.SA,Companhia Energética do Rio Grande do Norte - COSERN
IMBI3.SA,Companhia Docas De Imbituba
HCRI11B.SA,FD INV IM HOSP CRI COTAS
CSRN6.SA,Companhia Energética do Rio Grande do Norte - COSERN
TRPL3.SA,CTEEP - Companhia de Transmissão de Energia Elétrica Paulista
SPXI11F.SA,It Now PIBB IBrX-50 Index Fund
ESUU11.SA,FIP IE I CI
ESUU12.SA,FIP IE I CI B
CTGP34.SA,Citigroup Inc.
IMBI4.SA,Companhia Docas De Imbituba
FSTU11.SA,Fiset Tur
CTNM3.SA,Companhia de Tecidos Norte de Minas
LATR11B.SA,LATERES FD INV IMB COTAS
IFNC11.SA,IFINANCEIRO IFN
FDES11.SA,Fundo de Recuperacao Economica
FLRP11B.SA,FD INV IMOB FII FL COTAS
NSLU11B.SA,FD HOSPITAL NOSSA COTAS
SAPR3.SA,Companhia de Saneamento do Paraná - SANEPAR
CSRN3.SA,Companhia Energética do Rio Grande do Norte - COSERN
MAXR11B.SA,FD INV IM MAX RETL COTAS
PRVI3.SA,Companhia Providência Indústria e Comércio S.A.
DOVL11B.SA,DOVEL FD DE INVST COTAS
CMIG3.SA,Companhia Energética de Minas Gerais
CPLE5F.SA,CPLE5F.SA
CPLE5.SA,Companhia Paranaense de Energia - COPEL
CPTE-DEB110B.SA,CACHOEIRA D11 MB
CPTP3BF.SA,CPTP3BF.SA
CPRE3.SA,CPFL Energias Renováveis S.A.
CREM3F.SA,CREM3F.SA
TIBR5.SA,Cristal Pigmentos do Brasil S.A.
CRPG3.SA,Cristal Pigmentos do Brasil S.A.
RBVO11.SA,Rio Bravo Credito - Imobiliario II Fundo Invest Imobiliario FII Fund
CRDE3.SA,CR2 Empreendimentos Imobiliários S.A.
CSRN3F.SA,CSRN3F.SA
CSRN6F.SA,CSRN6F.SA
HGRE11.SA,CSHG Real Estate - Fundo de Investimento Imobiliario - FII
HGBS11.SA,CSHG Brasil Shopping FII
CARD3.SA,CSU Cardsystem S.A.
HGLG11.SA,Cshg Logistica - Fundo De Investimento Imobiliario
CSRN5F.SA,CSRN5F.SA
HGCR11.SA,CSHG Recebiveis Imobiliarios BC Fundo de Investimento Imobiliario - FII
CTNR11L.SA,CENTENOR EMPPNE* MB
CTVL5L.SA,FRANCIS TEXTPNA MB
LIXC3.SA,Construtora Lix da Cunha S.A.
LIXC4.SA,Construtora Lix da Cunha S.A.
LIXC3F.SA,LIXC3F.SA
CXTL11.SA,Fundo De Investimento Imobiliário Caixa Trx Logística Renda
CYRE-DEB21L0.SA,CYRELA REALTD21 NM
SOND3F.SA,SOND3F.SA
NORD3F.SA,NORD3F.SA
SOND5.SA,Sondotécnica Engenharia de Solos S.A.
SLED4.SA,Saraiva S.A. Livreiros Editores
SOND6F.SA,SOND6F.SA
SOND6.SA,Sondotécnica Engenharia de Solos S.A.
NORD3.SA,Nordon Indústrias Metalúrgicas S/A
MEND6.SA,Mendes Júnior Engenharia S.A.
MEND6F.SA,MEND6F.SA
MEND3F.SA,MEND3F.SA
DBEN-DEB420B.SA,DIBENS LSG D42
DBEN-DEBE6B0.SA,DIBENS LSG DE6
DBEN-DEB51B0.SA,DIBENS LSG D51
DBEN-DEB51L0.SA,DIBENS LSG D51
DBEN-DEB42L0.SA,DIBENS LSG D42
NPPF-FID010B.SA,FDC NP DB I F01 MB
NPPF-FIDS10B.SA,FDC NP DB I FS1 MB
DBEN-DEB42L1.SA,DIBENS LSG D42
MSCD34F.SA,MasterCard Incorporated
FIND.SA,IT NOW IFNC
PORD11.SA,Polo Fundo de Investimento Imobiliário - Recebíveis Imobiliários II - FII
SFND11.SA,FII SAO FER CI
UNID-DEB21B0.SA,UNIDAS D21
ENMT4.SA,Energisa Mato Grosso - Distribuidora de Energia S/A
DHBI4F.SA,DHBI4F.SA
DHBI4.SA,DHB Industria e Comercio SA
DHBI3F.SA,DHBI3F.SA
DHBI3.SA,DHB IND E COMERCIO
DIVO11.SA,It Now IDIV Index Fund
DIVO.SA,IT NOW IDIV
PNVL3.SA,Dimed S.A. Distribuidora de Medicamentos
ENGI12.SA,ENERGISA BNS N2
IMBI4F.SA,IMBI4F.SA
FRES11F.SA,FRES11F.SA
DOHL4.SA,Döhler S.A.
RNEW1.SA,"RENOVA DO 2,00"
BEES3.SA,Banestes S.A - Banco do Estado do Espírito Santo S.A.
ENBR3.SA,EDP - Energias do Brasil S.A.
BMEB3.SA,Banco Mercantil do Brasil S.A.
DOHL3F.SA,DOHL3F.SA
DOHL3.SA,Döhler S.A.
IMBI3F.SA,IMBI3F.SA
DRIT11B.SA,MULTIGESTAO RENDA COTAS
GDBR34.SA,General Dynamics Corporation
GDBR34F.SA,General Dynamics Corporation
TAEE3F.SA,TAEE3F.SA
LFFE3F.SA,LFFE3F.SA
OPRE3B.SA,RET PARTICIPACOES COM NPV
LEVE3.SA,Mahle Metal Leve S.A.
COBE5B.SA,CONST BETER PNA* MB
PINE3F.SA,PINE3F.SA
REDE3F.SA,REDE3F.SA
REDE4.SA,Rede Energia S.A.
COBE3B.SA,CONST BETER ON * MB
OPSE3B.SA,SUDESTE SA COM NPV
NIKE34F.SA,"NIKE, Inc."
EBEN-DEB41B0.SA,EBE D41
HOME34F.SA,"The Home Depot, Inc."
NIKE34.SA,"NIKE, Inc."
EBES5L.SA,EBESA PNA
ECOV-DEB22B0.SA,ECOVIAS D22
ECPR3.SA,"Empresa Nacional de Comércio, Rédito e Participações S.A. - Encorpar"
KNRE11.SA,Kinea II Real Estate Equity Fundo de Investimento Imobiliário
ECPR4F.SA,ECPR4F.SA
ECOV-DEB22L0.SA,ECOVIAS D22
ECPR4.SA,"Empresa Nacional de Comércio, Rédito e Participações S.A. - Encorpar"
GOVE11.SA,It Now IGCT Index Fund
FTCE11B.SA,OPPORTUNITY FD IMB COTAS
ECPR3F.SA,ECPR3F.SA
GOVE.SA,IT NOW IGCT
TEPE-DEB13L0.SA,TERM. PE IIID13
TEPE-DEB12L1.SA,TERM. PE IIID12
VALE-DEB91L0.SA,VALE D91 N1
TEPE-DEB14B0.SA,TERM. PE IIID14
VALE-DEB92L0.SA,VALE D92 N1
SEDU3.SA,Somos Educação S.A.
EDFO11B.SA,FD INV IMOB ED OUR COTAS
TEPE-DEB13L1.SA,TERM. PE IIID13
VALE-DEB83L0.SA,VALE D83 N1
VALE-DEB82L0.SA,VALE D82 N1
EEEL4.SA,Companhia Estadual de Geração e Transmissão de Energia Elétrica - CEEE-GT
PLAS3F.SA,PLASCAR PARTON EG
MWET3F.SA,MWET3F.SA
RBCS-CRI97L1.SA,RBCAPITALSECC97 MB
PDGS-CRI35L1.SA,PDG SECURIT C35
BRSR5F.SA,BRSR5F.SA
WTVR-CRI11L1.SA,BRPR 56 SEC C11
PDGS-CRI35B0.SA,PDG SECURIT C35
EKTR4F.SA,EKTR4F.SA
ELEK4.SA,Elekeiroz S.A.
LIPR3F.SA,LIPR3F.SA
LIPR3.SA,Eletrobras Participações S.A. - Eletropar
ELPL-DEB1AL0.SA,ELETROPAULO D1A N2
ELET5F.SA,ELET5F.SA
SCAR3.SA,São Carlos Empreendimentos e Participações S.A.
HBOR3.SA,Helbor Empreendimentos S.A.
EZTC3.SA,EZTEC Empreendimentos e Participações S.A.
ENMT4F.SA,ENMT4F.SA
ENGI-DEB72B0.SA,ENERGISA D72
ENGI-DEB72L0.SA,ENERGISA D72
ENBR-DEB42L0.SA,ENERGIAS BR D42 NM
RJCP3.SA,RJ Capital Partners S.A.
RCCS11.SA,RCCS11.SA
JRDM11B.SA,FD DE INV IMOB FII COTAS
FVBI11B.SA,FD INV IM VBI FL COTAS
OPRE9B.SA,RET PARTICIPACOES COM NPV (RECE
MILS9.SA,Mills Estruturas e Serviços de Engenharia S.A.
ESTR4.SA,Manufatura de Brinquedos Estrela S.A.
ESTR3F.SA,ESTR3F.SA
RDES11.SA,Renda de Escritorios Fundo de Investimento Imobiliario - Cotas Fundo
MILS3.SA,Mills Estruturas e Serviços de Engenharia S.A.
ESTR3.SA,Manufatura de Brinquedos Estrela S.A.
ESTC3.SA,Estácio Participações S.A.
SPXI11.SA,It Now S&P500 TRN Fundo de Índice
ISUS11.SA,It Now ISE Index Fund
EURO11.SA,Coinvalores Dtvm Ltda.
EXXO34F.SA,Exxon Mobil Corporation
WFCO34F.SA,Wells Fargo & Company
FBOK34F.SA,"Facebook, Inc."
JHSF3.SA,JHSF Participações S.A.
WFCO34.SA,Wells Fargo & Company
FBMC4.SA,Fibam Companhia Industrial
TIFF34F.SA,Tiffany & Co.
FBMC3F.SA,FBMC3F.SA
MXRF11.SA,Maxi Renda Fundo De Investimento Imobiliaro - FII
FCFL11B.SA,FD INV IMOB CAMPUS COTAS
FSRF11.SA,FISET FL REFCI
TBOF11.SA,Fundo de Investimento Imobiliário - FII TB Office
ONEF11.SA,Fundo de Investimento Imobiliario The One Fund
GVFF11.SA,Gávea Fundo de Fundos de Investimento Imobiliário - FII
FINF11.SA,FII INFRA RECI
FCXO34.SA,Freeport-McMoRan Inc.
FMOF11.SA,Fundos de Investimento Imobiliário Memorial Office Of Cotas
FDCS-CRI11L1.SA,BRPR 45 SEC C11
RBDS11.SA,RB Capital Development Residential Real Estate Investment Fund II
FDCS-CRI110B.SA,BRPR 45 SEC C11
FDCS-CRI11L0.SA,BRPR 45 SEC C11
FDMO34F.SA,Ford Motor Co.
FHER3.SA,Fertilizantes Heringer S.A.
FFCI11.SA,Fundo de Investimento Imobiliário Rio Bravo Renda Corporativa
FGEN-DEB31L1.SA,FGENERGIA D31 EJ
FGEN-DEB31L0.SA,FGENERGIA D31 EJ
FIVN11.SA,Vida Nova Fundo Investimento Immobiliere
REIT11B.SA,REIT RIVIERA FD IN COTAS
TRNT11B.SA,FD INV IM TORRE NO COTAS
RBGS11.SA,RB Capital General Shopping Sulacap Real Estate Investment Fund
MERC4F.SA,MERC4F.SA
GWIR11.SA,Fundo de Investimento Imobiliário GWI Renda Imobiliária - FII
FIRM5L.SA,FIRMEZA AGROPNA* MB
NAFG4F.SA,NAFG4F.SA
FNOR11.SA,Finor -Ci Fund
FONT6L.SA,FONTENELLE PNB
FONT5L.SA,FONTENELLE PNA*
JFEN3.SA,João Fortes Engenharia S.A.
FPOR11.SA,Porto Sudeste Royalties Fundo Investimento Participacoes Infraestrutura Fund
PARC3.SA,FPC PAR Corretora de Seguros S.A.
FRAS3.SA,Fras-le S.A.
FRIO3.SA,Metalfrio Solutions S.A.
FTRT3B.SA,FUTURETEL SA COM NPV
PRSV11.SA,Fundo de Investimento Imobiliário Presidente Vargas
KNCR11.SA,Kinea Rendimentos Imobiliários Fundo de Investimento Imobiliário - FII
VLOL11.SA,Fundo de Investimento Imobiliario - FII Vila Olimpia Corporate
RBPR11.SA,RBPR11.SA
MFII11.SA,Mérito Desenvolvimento Imobiliário I FII - Fundo de Investimento Imobiliário
BRCP11.SA,FIP BRASCAN CI
NVHO11.SA,FII NOVOHORICI
VPSI11.SA,FII POLO SHOCI
SHPH11.SA,FDO INV Imob Shopping Patio Higienopolis
MTIG4F.SA,MTIG4F.SA
PGCO34F.SA,The Procter & Gamble Company
MAGG3.SA,Magnesita Refratários S.A.
JSLG3.SA,JSL S.A.
NAFG3.SA,Nadir Figueiredo Indústria e Comércio S.A.
NAFG3F.SA,NAFG3F.SA
MTIG3F.SA,MTIG3F.SA
PGCO34.SA,The Procter & Gamble Company
NAFG4.SA,Nadir Figueiredo Indústria e Comércio S.A.
JSLG-DEB62B0.SA,JSL D62 NM
JSLG-DEB63L0.SA,JSL D63 NM
JSLG-DEB62L0.SA,JSL D62 NM
GSHP3.SA,General Shopping Brasil S.A.
USIM6.SA,Usinas Siderúrgicas de Minas Gerais S.A.
GOOG34.SA,Google Inc.
GOOG35.SA,Google Inc.
GPCP3.SA,GPC Participações S.A.
GUAR3.SA,Guararapes Confeccoes S.A.
HBTS5.SA,Companhia Habitasul de Participações
HBTS5F.SA,HBTS5F.SA
COPH34F.SA,ConocoPhillips
LHER4.SA,Lojas Hering S.A.
LHER3F.SA,LHER3F.SA
LHER3.SA,LOJAS HERINGON
NEMO5.SA,SUZANO HOLD PNA
HTAL7L.SA,RIO ALEGRE PNC* MB
SPRI3F.SA,SPRI3F.SA
SPRI5.SA,Springer S/A
PATI4F.SA,PATI4F.SA
SPRI3.SA,Springer S/A
ENGI3.SA,Energisa S.A.
POSI3.SA,Positivo Tecnologia S.A.
CALI4F.SA,CALI4F.SA
RDNI3F.SA,RDNI3F.SA
RDNI3.SA,Rodobens Negócios Imobiliários S.A.
TERI3F.SA,TERI3F.SA
PATI3F.SA,PATI3F.SA
ROMI3.SA,Indústrias Romi S.A.
SPRI5F.SA,SPRI5F.SA
PRVI3F.SA,PRVI3F.SA
PATI4.SA,Panatlântica S.A.
TERI3.SA,Tereos Internacional S.A.
IBXL11.SA,IBRX 50 IBX
WUNI34.SA,The Western Union Company
WTPI-CRI020B.SA,WTORRE PIC C02 EX
ICON11.SA,ICONSUMO ICO
WTPI-CRI02L1.SA,WTORRE PIC C02 EX
WTPI-CRI02L0.SA,WTORRE PIC C02 EX
ENGI11.SA,Energisa S.A.
WTPI-CRI02B0.SA,WTORRE PIC C02 EX
ENGI-DEB76B0.SA,ENERGISA D76
PATI1.SA,PANATLANTICA SA
ENGI-DEB75L1.SA,ENERGISA D75
ENGI-DEB72L1.SA,ENERGISA D72
IDVL3F.SA,IDVL3F.SA
ENGI-DEB52L0.SA,ENERGISA D52 EM
ENGI-DEB74L1.SA,ENERGISA D74
ENGI-DEB71B0.SA,ENERGISA D71
ENGI-DEB74L0.SA,ENERGISA D74
IGCT11.SA,IGC TRADE IGC
LPSB3.SA,LPS Brasil - Consultoria de Imóveis S.A.
RAPT3.SA,Randon S.A. Implementos e Participações
MYPK-DEB7AL0.SA,IOCHP-MAXIOND7A NM
MYPK11.SA,IOCHP-MAXIONBNS ORD NM
MYPK3F.SA,IOCHP-MAXIONON NM
ENGI10.SA,Energisa S.A.
SMAL11F.SA,SMAL11F.SA
SMAL.SA,ISHARES SMAL
SMAL11.SA,iShares BM&FBovespa Small Cap Fundo de Índice
ITEC3F.SA,ITEC3F.SA
ITTB11L.SA,ITAITUBA PNE* MB
MLFT3F.SA,MLFT3F.SA
MLFT3.SA,Jereissati Participações S.A.
MLFT4.SA,Jereissati Participações S.A.
SJOS4.SA,Fiação e Tecelagem São José S.A.
SJOS3.SA,FIACAO TEC SAO JOS
SJOS3F.SA,SJOS3F.SA
MRCK34F.SA,Merck & Co. Inc.
MILK33.SA,LAEP INVESTMENTS L
KLBN-DCA61L1.SA,KLABIN S/A D61 N2
KLBN3.SA,Klabin S.A.
KLBN-DCA61B0.SA,KLABIN S/A D61 N2
KLBN11.SA,KLABIN S/A UNT N2
MGEL3F.SA,MGEL3F.SA
MGEL3.SA,MANGELS INDLON
RCSL4.SA,Recrusul S/A
MNDL3.SA,Mundial S.A. - Produtos de Consumo
WHRL3.SA,Whirlpool S.A.
RCSL3.SA,Recrusul S/A
LTEL3B.SA,LITEL PARTICIPACOE COM NPV
RSUL4.SA,Metalúrgica Riosulense S.A.
PTBL3.SA,PBG S.A.
BRML-DEB41L1.SA,BR MALLS PARD41 NM
TRPL-DEB12B0.SA,TRAN PAULISTD12 N1
BRML-DEB21L0.SA,BR MALLS PARD21 NM
BRML-DEB22B0.SA,BR MALLS PARD22 NM
BRML-DEB22L0.SA,BR MALLS PARD22 NM
BRML-DEB12L1.SA,BR MALLS PARD12 NM
BRML-DEB12L0.SA,BR MALLS PARD12 NM
BRML-DEB12B0.SA,BR MALLS PARD12 NM
BRML-DEB22L1.SA,BR MALLS PARD22 NM
LLIS3.SA,Restoque Comércio e Confecções de Roupas S.A.
SPRT3B.SA,LONGDIS SA COM NPV
LREN-DEB51L1.SA,LOJAS RENNERD51 EJA NM
LREN-DEB42L1.SA,LOJAS RENNERD42 NM
SPRT9BF.SA,LONGDIS ON REC MB
LOGN3.SA,Log-In Logística Intermodal S.A.
SPRT3BF.SA,SPRT3BF.SA
MRSA-DEB71B0.SA,MRS LOGIST D71 MB
LUXM3.SA,Trevisa Investimentos S.A.
LUXM4F.SA,LUXM4F.SA
LUXM3F.SA,LUXM3F.SA
BRKM6F.SA,BRKM6F.SA
MAOR3B.SA,MAORI SA COM NPV
MAOR4B.SA,MAORI SA PRF NPV
PMAM3.SA,Paranapanema S.A.
RBCS-CRI2RL0.SA,RBCAPITALSECC2R MB
RBCS-CRI03L0.SA,RBCAPITALSECC03 EJA MB
RBCS-CRI87L1.SA,RBCAPITALSECC87 MB
RBCS-CRI04B0.SA,RBCAPITALSECC04 EJA MB
RBCS-CRI2YB0.SA,RBCAPITALSECC2Y MB
RBCS-CRI2QL1.SA,RBCAPITALSECC2Q MB
RBCS-CRI2RB0.SA,RBCAPITALSECC2R MB
WALM34F.SA,Wal-Mart Stores Inc.
PRSN11B.SA,PERSONALE I FUNDO COTAS
RBCS-CRI03B0.SA,RBCAPITALSECC03 EJA MB
RBCS-CRI85L1.SA,RBCAPITALSECC85 MB
RBCS-CRI73L1.SA,RBCAPITALSECC73 MB
SCNR5L.SA,SUCONOR PNA* MB
MCHV5L.SA,MATA DA CHUVPNA*
TIBR3.SA,TIBR3.SA
MSFT34F.SA,Microsoft Corporation
MMXM11.SA,MMX Mineração e Metálicos S.A.
MNHT5L.SA,MANAUS HOTELPNA* MB
MPLU3.SA,Multiplus S.A.
PSVM11F.SA,PSVM11F.SA
ENMT3F.SA,ENMT3F.SA
MWET4.SA,Wetzel S.A.
CASN4F.SA,CASN4F.SA
TRPN3.SA,Tarpon Investimentos S.A.
BRIN3.SA,BR Insurance Corretora de Seguros S.A.
WSON33.SA,Wilson Sons Limited
COLN-DEB42B0.SA,ROD COLINAS D42
COLN-DEB43L0.SA,ROD COLINAS D43
COLN-DEB41L0.SA,ROD COLINAS D41
ENBR-DEB41L0.SA,ENERGIAS BR D41 NM
TPIS-DEB42L0.SA,TRIUNFO PARTD42 NM
VIVR-DCA41B0.SA,VIVER D41 NM
ENBR-DEB410B.SA,ENERGIAS BR D41 NM
SBSP-DEB7CB0.SA,SABESP D7C NM
SBSP-DEB7AB0.SA,SABESP D7A NM
VIVR-DCA41L0.SA,VIVER D41 NM
UCAS3F.SA,UCAS3F.SA
ENBR-DEB420B.SA,ENERGIAS BR D42 NM
SBSP-DEB7BB0.SA,SABESP D7B NM
SCAR3F.SA,SCAR3F.SA
BRPR-DEB12B0.SA,BR PROPERT D12 NM
ENBR-DEB43L0.SA,ENERGIAS BR D43 NM
BRPR-DEB11B0.SA,BR PROPERT D11 NM
PDGR-DEB11L1.SA,PDG REALT D11 NM
BRIN9.SA,Brasil Insurance Participações e Administração S.A.
NUTR3.SA,Nutriplant Indústria e Comércio S.A.
SMTO3.SA,São Martinho S.A.
POMO4.SA,Marcopolo S.A.
TKNO3F.SA,TKNO3F.SA
TKNO3.SA,TEKNO ON
TCNO3.SA,Tecnosolo Engenharia S.A.
POMO3.SA,Marcopolo S.A.
OCTS-CRA31L0.SA,OCTANTE SEC A31
OGXP3.SA,Óleo e Gás Participações S.A.
OIBR-DEB91L1.SA,OI D91 N1
BALM3F.SA,BALM3F.SA
SAPR3F.SA,SAPR3F.SA
INET3F.SA,INEPAR TEL ON
RJCP3F.SA,RJCP3F.SA
MERC3F.SA,MERC3F.SA
BMEB3F.SA,BMEB3F.SA
OSEC-CRA24L0.SA,OURINVESTSECA24
OSEC-CRA24L1.SA,OURINVESTSECA24
HOOT4.SA,Hotéis Othon S.A.
UPSS34F.SA,"United Parcel Service, Inc."
STBP11.SA,Santos-Brasil Participações S.A.
INEP4.SA,Inepar S.A. Industria e Construções
UNIP3.SA,Unipar Carbocloro S.A.
SUZB6F.SA,SUZB6F.SA
UNIP5.SA,Unipar Carbocloro S.A.
TEMP3.SA,Tempo Participações S.A.
UNIP6.SA,Unipar Carbocloro S.A.
CATP34F.SA,Caterpillar Inc.
WTVP-CRI11B0.SA,BRPR 55 SEC C11
INEP-DCA610B.SA,INEPAR D61 N1
INEP-DCA61B0.SA,INEPAR D61 N1
INEP-DCA71B0.SA,INEPAR D71 N1
INEP-DCA61L1.SA,INEPAR D61 N1
PDGS-CRI13B0.SA,PDG SECURIT C13
PDGS-CRI14B0.SA,PDG SECURIT C14
PDGS-CRI37L1.SA,PDG SECURIT C37
INEP-DCA71L1.SA,INEPAR D71 N1
SAIP-DEB11L0.SA,SALUS INFRA D11
INEP-DCA71L0.SA,INEPAR D71 N1
PEPL6L.SA,FAZENDA PETRPNB
PTNT4.SA,Pettenati S/A - Indústria Têxtil
PFRM1.SA,"PROFARMA DO 8,69"
SULT4F.SA,SULT4F.SA
BALM4F.SA,BALM4F.SA
RDTR3.SA,Redentor Energia S.A.
SSBR3.SA,Sonae Sierra Brasil S.A.
VVAR4.SA,Via Varejo S.A.
VVAR3.SA,Via Varejo S.A.
RCST6L.SA,ROCHA SANTOSPNB
VVAR11.SA,Via Varejo S.A.
RCTA6L.SA,RIO CORTADO PNB* MB
RDVT-DEB11L1.SA,ROD TIETE D11 EJ
RDVT-DEB11B0.SA,ROD TIETE D11 EJ
RLOG1.SA,COSAN LOGISTICA SA
RNEW11.SA,Renova Energia S.A.
RNEW4.SA,Renova Energia S.A.
BRCS-CRI1AB0.SA,BRC SECURIT C1A
BRCS-CRI1AL1.SA,BRC SECURIT C1A
BRCS-CRI71L1.SA,BRC SECURIT C71
SLBG34F.SA,Schlumberger Limited
SGAS4.SA,WLM Indústria e Comércio S.A.
SGAS3.SA,WLM Indústria e Comércio S.A.
SNST-DEB21L1.SA,SANESALTO D21
SNST-DEB21L0.SA,SANESALTO D21
SNST-DEB21B0.SA,SANESALTO D21
SULT3.SA,Construtora Sultepa S.A.
SWET3.SA,Vitalyze.Me Saúde e Tecnologia S.A
VIVT3.SA,Telefônica Brasil S.A.
INET3.SA,Inepar Telecomunicacoes S.A.
TBCC4L.SA,TERRA BRAVIAPN *
TCTN5L.SA,TRANSCONTIN PNA* MB
VIVT-DEB43L1.SA,TELEF BRASILD43
VIVT-DEB43L0.SA,TELEF BRASILD43
TEMP3L.SA,TEMPO PART ON NM
TOTS3.SA,TOTVS S.A.
VLBN6L.SA,VALE BONITO PNB* MB
BESA-DEB120B.SA,BAESA D12
BESA-DEB11B0.SA,BAESA D11
TELB3.SA,Telecomunicações Brasileiras S.A. - TELEBRÁS
BALM3.SA,Baumer S.A.
BRAP3.SA,Bradespar S.A.
COLG34.SA,Colgate-Palmolive Company
INEP3.SA,Inepar S.A. Industria e Construções
CAIU4L.SA,CAUME AGRO PN
CAMC5L.SA,CONSTRUAMEC PNA* MB
CAMC7L.SA,CONSTRUAMEC PNC* MB
ENZM4L.SA,ENGEAMAZONIAPN
TEMP11L.SA,TEMPO PART ON P NM
USIM11.SA,"USIMINAS DPA 1,28"
