Ticker,Name
DLEKG.TA,Delek Group Ltd.
ESLT.TA,Elbit Systems Ltd.
EZCH.TA,EZchip Semiconductor Ltd.
EVGN.TA,Evogene Ltd.
ELTR.TA,Electra Ltd
AVNR-L.TA,Avner Oil Exploration - Limited Partnership
FRUT.TA,Frutarom Industries Ltd.
JOEL.TA,J.O.E.L. Jerusalem Oil Exploration Ltd.
JBKT.TA,Jobookit Holdings Ltd.
JBNK.TA,Bank of Jerusalem Ltd.
KMDA.TA,Kamada Ltd.
KTOV.TA,Kitov Pharmaceuticals Holdings Ltd.
KRUR.TA,Kerur Holdings Ltd.
KNFM.TA,Knafaim Holdings Ltd.
KETR.TA,Keter Publishing House Ltd.
TEVA.TA,Teva Pharmaceutical Industries Limited
SCIX.TA,"Scailex Corp., Ltd."
ICL.TA,Israel Chemicals Ltd.
BLRX.TA,BioLine Rx Ltd
UNON.TA,Union Bank of Israel Ltd.
MZTF.TA,Mizrahi Tefahot Bank Ltd.
MZOR.TA,Mazor Robotics Ltd.
NFTA.TA,Naphtha Israel Petroleum Corp. Ltd.
SPNS.TA,Sapiens International Corporation N.V.
NVMI.TA,Nova Measuring Instruments Ltd.
NTO.TA,Neto M.E Holdings Ltd.
NISA.TA,Nissan Medical Industries Ltd.
NFEX-L.TA,Naphtha Exploration LP
ORL.TA,Oil Refineries Ltd.
ORAD.TA,Orad Ltd.
GIVO-L.TA,GIVOT OLAM OIL EXP ILS1
QNCO.TA,Y.Z. Queenco Ltd.
QLTU.TA,Qualitau Ltd.
RMLI.TA,Rami Levi Chain Stores Hashikma Marketing 2006 Ltd
PLX.TA,"Protalix BioTherapeutics, Inc."
MNKD.TA,MannKind Corporation
LPSN.TA,"LivePerson, Inc."
DRCN.TA,U. Dori Construction Ltd.
VISN.TA,Vision Sigma Ltd.
VILR.TA,Villar International Ltd.
VTNA.TA,Vitania Ltd.
WTS.TA,B.H. Whitestone Group Ltd.
WIZP.TA,Wize Pharma Ltd
XENA.TA,Xenia Venture Capital Ltd
XTLB.TA,XTL Biopharmaceuticals Ltd.
KRYT.TA,Kardan Yazamut (2011) Ltd.
YBOX.TA,Ybox Real Estate Ltd.
SEFA.TA,Shefa Yamim Ltd.
SRFT.TA,Zvi Sarfati & Sons Investments & Constructions Ltd.
ZNKL.TA,Zanlakol Ltd
ZRAH-L.TA,ZERAH OIL & GAZ ILS1
ZMH.TA,Zemach Hammerman Ltd.
ZUR.TA,Zur Shamir Holdings Ltd.
ABTR.TA,Abetrans Logistics Ltd
ABIL.TA,Ability Inc.
ALD.TA,A.L.D. Advanced Logistics Developments Ltd.
ADO.TA,A.D.O. Group Ltd.
ADN.TA,A.D.N Global Equity Ltd.
ADGR.TA,Adgar Investments and Development Limited
AFIL.TA,Africa-Israel Investments Ltd
AFRE.TA,Africa Israel Residences Ltd.
AFPR.TA,Africa Israel Properties Ltd
AFHL.TA,AFCON Holdings Ltd.
APIO.TA,Apio Africa Ltd
AFID.TA,Africa Israel Industries Ltd.
BRMG.TA,Brimag Digital Age Ltd.
ELAL.TA,El Al Israel Airlines Ltd
MAXM.TA,Maxima Air Separation Center Ltd.
BSI.TA,Alon Blue Square Israel Ltd
ALBA.TA,Albaad Massuot Yitzhak Ltd.
ALVR.TA,Alvarion Ltd.
ALGS.TA,Alon Natural Gas Exploration Ltd.
ALMD.TA,Allium Medical Solutions Ltd.
ALLT.TA,Allot Communications Ltd.
ALRPR.TA,Alrov Properties and Lodgings Ltd.
ALHE.TA,Alony-Hetz Properties & Investments Ltd
ALMO.TA,"Algomizer, Ltd."
AMRK.TA,Amir Marketing and Investments in Agriculture Ltd.
AMOT.TA,Amot Investment Ltd
AMAN.TA,Amanet Management & Systems Ltd.
AMS.TA,AMS Electronics Ltd.
AMNS.TA,Amnis Therapeutics Ltd
AMNS-R5.TA,AMNIS RTS 3.3.16
ANLT.TA,Analyst I.M.S. Investment Management Services Ltd
KARE.TA,Kardan Real Estate Enterprise and Development Ltd.
NSEL.TA,Nisko Electricity and Electronics Ltd.
MGDL.TA,Migdal Insurance and Financial Holdings Ltd.
ANGL.TA,Salomon A. Angel Ltd.
ENRS.TA,Engel Resources and Development Ltd.
AOC.TA,A-Online Capital (A.O.C) Ltd
APLY.TA,Apply Advanced Mobile Technologies Ltd
APOS.TA,Aposense Ltd.
ARYT.TA,Aryt Industries Ltd.
ARNA.TA,Arena Star Group Ltd.
ARKO.TA,Arko Holdings Ltd.
ARPT.TA,Airport City Ltd.
ARD.TA,Arad Ltd.
ARAN.TA,Aran Research & Development (1982) Ltd.
ARAD.TA,Arad Investment & Industrial Development Ltd.
ARGM.TA,Argaman Industries Ltd.
ARZM.TA,ARZM.TA
ASPR.TA,Ashtrom Properties Ltd.
SVAS.TA,SOVEREIGN ASSETTS
ASHO.TA,Ashot Ashkelon Industries Ltd.
ASGR.TA,Aspen Group Ltd.
ASHG.TA,Ashtrom Group Ltd.
ASRR.TA,ASRR Capital Ltd
ASDR.TA,Ashdar Building Company Ltd.
AURA.TA,Aura Investments Ltd.
AVGL.TA,Avgol Industries 1953 Ltd
AVER.TA,Averbuch Formica Center Ltd.
AVLN.TA,Aviv Arlon Ltd.
AVRT-M.TA,Avrot Industries Ltd.
AVIA.TA,Aviation Links Ltd.
AVIV.TA,Mordechai Aviv Taasiot Beniyah (1973) Ltd.
AYAL-L.TA,AYALON HOLDINGS ILS1
AZRG.TA,Azrieli Group Ltd
AZRM.TA,Azorim Investment Development & Construction Co. Ltd.
BRAN.TA,Baran Group Ltd
BBYL.TA,Babylon Ltd.
LUMI.TA,Bank Leumi le- Israel B.M
BCOM.TA,B Communications Ltd
BCNV.TA,Brack Capital Properties N.V.
BEZQ.TA,Bezeq The Israel Telecommunication Corporation Limited
BNTM-L.TA,BNTM-L.TA
BGI.TA,B.G.I. Investments (1961) Ltd
RDHL.TA,RedHill Biopharma Ltd.
CBI.TA,Clal Biotechnology Industries Ltd.
BIRM-L.TA,Birman Wood & Hardware Ltd
NAVB.TA,"Navidea Biopharmaceuticals, Inc"
BVXV.TA,BiondVax Pharmaceuticals Ltd.
BIOV.TA,BioView Ltd.
BTX.TA,"BioTime, Inc."
THXBY.TA,Therapix Biosciences Ltd.
GLTN.TA,GLTN.TA
BIG.TA,BIG Shopping Centers Ltd
VAXL-M.TA,VAXIL BIO LTD ILS1
DNA.TA,D.N.A Biomedical Solutions Ltd.
BNIN.TA,BNIN.TA
BICL.TA,BioCancell Ltd.
BONS.TA,Bonus BioGroup Ltd.
CANF.TA,Can-Fite BioPharma Ltd.
BOLT.TA,BioLight Life Sciences Ltd.
HDST.TA,"Hadasit Bio-Holdings, Ltd."
BLSR.TA,Blue Square Real Estate Ltd.
PROB-L.TA,PROB-L.TA
BMDX.TA,Biomedix Incubator Ltd
BOTI-L.TA,BONEI HATICHON CIV ILS1
BRIL.TA,Brill Shoe Industries Ltd.
BRIN.TA,Brainsway Ltd.
DUNI.TA,Duniec Bros. Ltd.
BSP.TA,BSP - Biological Signal Processing Ltd.
BSEN.TA,Bet Shemesh Engines Holdings (1997) Ltd
IBLD.TA,Industrial Buildings Corporation Ltd.
BUY2.TA,Buy2 Networks Ltd.
SHOM.TA,E.N. Shoham Business Ltd
CDEV.TA,Cohen Development & Industrial Buildings Ltd.
BYAR.TA,B.Yair Building Corporation 1988 Ltd.
BYSD.TA,Bayside Land Corporation Ltd
ISCN.TA,Israel Canada (T.R) Ltd
CRNT.TA,Ceragon Networks Ltd.
CLSN.TA,Celsion Corporation
CEL.TA,Cellcom Israel Ltd.
PLAZ.TA,Plaza Centers N.V.
CFX.TA,Cofix Group Ltd
CGEN.TA,Compugen Ltd.
CHAM.TA,Cham Foods (Israel) Ltd.
CNMA-L.TA,CNMA-L.TA
CISY.TA,CI Systems (Israel) Ltd.
OR.TA,Or City Holdings Ltd
CLIS.TA,Clal Insurance Enterprises Holdings Ltd.
CLPT.TA,Collplant Holdings Ltd.
CMER.TA,C. Mer Industries Ltd.
CMDR.TA,Computer Direct Group Ltd.
CPHO-M.TA,A.L.CAPITAL HLDGS ILS0.01
CPTP.TA,Capital Point Ltd.
CRMT.TA,Carmit Candy Industries Ltd.
CRSO.TA,Carasso Motors Ltd.
CTPL5-L.TA,I.C.P. Israel Citrus Plantations Ltd.
CTPL1.TA,I.C.P. Israel Citrus Plantations Ltd.
MDPR.TA,Medipower (Overseas) Public Co. Limited
CYRN.TA,CYREN Ltd.
DANH.TA,Dan Hotels Ltd.
DANE.TA,Danel (Adir Yehoshua) Ltd.
DCI.TA,Direct Capital Investments Ltd
DEDR.TA,Delek Drilling - Limited Partnership
DISI.TA,Discount Investment Corporation Limited
DSCT.TA,Israel Discount Bank Limited
DIFI.TA,Direct Insurance - Financial Investments Ltd.
DIMRI.TA,Y.H. Dimri Construction & Development Ltd
NNDM.TA,Nano Dimension Ltd.
DLEN.TA,Delek Energy Systems Ltd.
DLMT.TA,Dolomite Holdings Ltd
DLEA.TA,Delek Automotive Systems Ltd.
DORI.TA,Amos Luzon Development and Energy Group Ltd
DPRM.TA,D-Pharm LTD.
DRAL.TA,Dor Alon Energy In Israel (1988) Ltd.
DRSL.TA,Dorsel (B.A.Z.) Ltd.
HGG.TA,Hagag Group Real Estate Entrepreneurship Ltd
DXIL.TA,Dexia Israel Bank Ltd.
ECJM.TA,Jerusalem Economy Ltd.
ECP.TA,Electra Consumer Products (1970) Ltd.
EDRL.TA,Edri-El Israel Assets Ltd.
EMTC.TA,Elbit Medical Technologies Ltd.
ELRN.TA,Elron Electronic Industries Ltd.
EMITF.TA,Elbit Imaging Ltd.
ELLO.TA,Ellomay Capital Ltd.
ELDAV.TA,Eldav Investments Ltd.
SUNY.TA,Suny Electronic Inc. Ltd.
ELCO.TA,Elco Ltd.
ELCRE.TA,Electra Real Estate Ltd.
ELSPC.TA,Elspec Engineering Ltd.
EMCO.TA,E & M Computing Ltd.
EMDV.TA,Emilia Development (O.F.G) Ltd.
MGIC.TA,Magic Software Enterprises Ltd.
MDIN-L.TA,Modiin Energy- Limited Partnership
GLVR.TA,Gulliver Energy Ltd
EQTL.TA,Equital Ltd.
ROTS.TA,Rotshtein Real Estate Ltd.
POLY-L.TA,Polygon Real Estate Ltd
ETVW.TA,E.T. View Medical Ltd.
RATI-L.TA,Ratio Oil Exploration (1992) Limited Partnership
EXPO.TA,Export Investment Co. Ltd.
EXEN.TA,Exalenz Bioscience Ltd
EXCE.TA,Excellence Investments Limited
FNTS.TA,Fantasy Network Ltd
FBRT.TA,FMS Enterprises Migun Ltd.
FIBI.TA,F.I.B.I. Holdings Ltd.
PLTF.TA,P.L.T. Financial Services Ltd
FNFR.TA,FNFR.TA
FOX.TA,Fox-Wizel Ltd.
FORTY.TA,Formula Systems (1985) Ltd.
FRST.TA,Foresight Autonomous Holdings Ltd
FRDN.TA,Fridenson Logistic Services Ltd
FTIN.TA,First International Bank of Israel Ltd
FVT.TA,Formula Vision Technologies (F.V.T) Ltd.
GAON.TA,B. Gaon Holdings Ltd.
SOG.TA,Shemen Oil And Gas Resources Ltd
GZT.TA,Gazit Globe Ltd
GAMT-L.TA,GAMATRONIC ILS1
GEFEN.TA,Gefen Biomed Investments Ltd
GFC.TA,G.F.C Green Fields Capital Ltd.
PRGO.TA,Perrigo Company plc
GIBC.TA,Gai Beach Hotel
GILT.TA,Gilat Satellite Networks Ltd.
GLPL.TA,Golan Plastic Products Ltd.
GLEX.TA,Globe Exploration (Y.C.D.) Limited Partnership
GMUL.TA,Gmul Investments Ltd.
GNGR.TA,Ginegar Plastic Products Ltd.
GODM.TA,GO.D.M Investments Ltd.
IGLD.TA,Internet Gold- Golden Lines Ltd.
GOLF.TA,Golf & Co Ltd.
GOHO.TA,Golden House Ltd.
GOLD.TA,The Gold Bond Group Ltd.
SCOP.TA,Scope Metals Group Ltd.
GSFI.TA,Gan Shmuel Foods Ltd.
HAHO-L.TA,Hachsharat Hayishuv Hotels Ltd.
HAML.TA,Ham-Let (Israel-Canada) Ltd
POLI.TA,Bank Hapoalim B.M.
HAMAT.TA,Hamat Group Ltd.
HAP.TA,Hadera Paper Ltd.
MSAH.TA,Hamashbir 365 Holdings Ltd.
HARL.TA,Harel Insurance Investments & Financial Services Ltd
HMAM.TA,Hamama Meir Trading (1996) Ltd.
OPK.TA,"Opko Health, Inc."
HLAN.TA,Hilan Ltd.
TTAM.TA,Tiv Taam Holdings 1 Ltd.
HLDS-L.TA,INOC- Dead Sea Limited Partnership
HNMR.TA,Hanan Mor Group - Holdings Ltd.
LBTL.TA,A. Libental Holdings Ltd.
HRON.TA,Hiron-Trade Investments & Industrial Buildings Ltd
IBI.TA,I.B.I Investment House Ltd.
ICCM.TA,IceCure Medical Ltd.
IDIN.TA,I.D.I. Insurance Company Ltd.
IDBD.TA,IDB Development Corporation Limited
IE.TA,Israel Land Development Alpha Ltd
IES.TA,I.E.S Holdings Ltd
PTNR.TA,Partner Communications Company Ltd.
PLST.TA,Plasto-Sac Ltd
ITMR.TA,Itamar Medical Ltd.
TSEM.TA,Tower Semiconductor Ltd.
TLSY.TA,Telsys Ltd.
TFRE.TA,N/A
TDRN.TA,Tadiran Holdings Ltd.
SPEN.TA,Shapir Engineering and Industry Ltd
SKBN.TA,Shikun & Binui Ltd.
RPAC.TA,Rapac Communication & Infrastructure Ltd.
RLCO.TA,Ralco Agencies Ltd.
RIT1.TA,Reit 1 Ltd
RHTCH.TA,RH Technologies Ltd.
PZOL.TA,Paz Oil Company Ltd.
PLRM.TA,Palram Industries (1990) Ltd.
MTRX.TA,Matrix IT Ltd.
MSLA.TA,"Maslavi Construction Co.,Ltd."
MMHD.TA,Menora Mivtachim Holdings Ltd
MLSR.TA,Melisron Ltd.
MEDI.TA,Medtechnica Ltd.
LEVA.TA,A.Levy Investments and Construction Ltd.
INTP.TA,Intec Pharma Ltd.
INSL.TA,InsuLine Medical Ltd.
ININ.TA,Inter Industries LTD.
IMCO.TA,IMCO Industries Ltd.
ILCO.TA,Israel Corporation Ltd.
PRSK.TA,Prashkovsky Investments and Construction Ltd.
TALD.TA,Taldor Computer Systems (1986) Ltd.
MISH.TA,Mivtach Shamir Holdings Ltd
LDER.TA,Leader Holdings & Investments Ltd
ORON.TA,Oron Group Investments & Holdings Ltd.
LODZ.TA,Lodzia Rotex Investment Ltd.
MTMY.TA,Matomy Media Group Ltd.
PEN.TA,Peninsula Group Ltd
INFR.TA,Infimer Ltd
MNIN.TA,Mendelson Infrastructures & Industries Ltd.
PAYT.TA,Payton Industries Ltd.
PRTL.TA,Proteologics Ltd
MCRNL.TA,Micronet Ltd.
SRAC.TA,S.R. Accord Ltd.
REKA.TA,Rekah Pharmaceutical Industry Ltd.
SPCH.TA,Speech Modules Holdings Ltd.
MRPR.TA,Company Marging Purpose Ltd.
RABN.TA,Gradlink (Israel) Ltd.
MDVI.TA,Medivie Therapeutic Ltd.
SFLG-L.TA,SFLG-L.TA
PERI.TA,Perion Network Ltd.
STCM.TA,"Satcom Systems, Ltd."
NICE.TA,NICE Ltd.
NEZU.TA,NEZU.TA
ISTA.TA,Issta Lines Ltd.
SNEL.TA,Synel M.L.L Payway Ltd
CAST.TA,Castro Model Ltd.
SLGN.TA,Solegreen Ltd
INCR.TA,InterCure Ltd.
ISRS.TA,Isras Investment Company Ltd
ISRO.TA,Isrotel Ltd.
NCT.TA,Neocity Group for Investments and Holdings Ltd.
TIGBUR.TA,Tigbur - Temporary Professional Personnel Ltd.
MLTM.TA,Malam-Team Ltd.
TAYA.TA,"Taya Investment Co., Ltd."
TATT.TA,"TAT Technologies, Ltd."
MAYN-M.TA,Maayan Ventures Ltd.
MDTR.TA,Mediterranean Towers Ltd.
JTI.TA,Jerusalem Technology Investments Ltd.
ORBI.TA,Orbit Technologies Ltd.
NZHT.TA,Netz Hotels Ltd
ISOP-L.TA,"Israel Opportunity - Energy Resources, Limited Partnership"
ONE.TA,One Software Technologies Ltd
TEDE.TA,Tedea Technological Development and Automation Ltd.
KMNK.TA,KMN Capital Ltd
BRAM.TA,Bram Industries Ltd.
KLNT.TA,Kalanit Carmon Software Services Ltd.
MRHL.TA,Merchavia Holdings and Investments Ltd.
TEFN.TA,Tefen Industrial Engineering & Management & Systems Analysis
KRIS.TA,Kardan Israel Ltd.
INRM.TA,Inrom Construction Industries Ltd.
CHR.TA,Chiron Refineries Ltd
RSEL.TA,RSL Electronics Ltd.
SDS.TA,Star Defense Systems Ltd.
PLSN.TA,Plasson Industries Ltd.
NXTM.TA,Nextcom Ltd.
NXGN.TA,Nextgen Biomed Ltd
CAMT.TA,Camtek Ltd.
TUZA.TA,Teuza - A Fairchild Technology Venture Ltd.
SALG.TA,Shalag Industries Ltd.
UNIT.TA,"Unitronics (1989) (R""G) Ltd"
NETZ.TA,Netz Group Ltd.
PPIL.TA,Plastopil Hazorea Company Ltd
ORTC.TA,O.R.T. Technologies Ltd
PIU.TA,Poalim I.B.I.-Managing & Underwriting Ltd
MNRV.TA,Minrav Holdings Ltd.
RIMO.TA,Rimoni Industries Ltd.
OHH.TA,Otzar Hityashvuth Hayehudim Ltd.
SOHO.TA,Halman - Aldubi Investment House Ltd
PLRC.TA,Polar Communications Ltd.
LEVI.TA,A.Levy Investments and Construction Ltd.
KLIN-M.TA,E.N. Shoham Business Ltd
WLFD.TA,Willi-Food Investments Ltd.
LPHL-L.TA,Lapidoth-Heletz - Limited Partnership
SLARL.TA,Sella Capital Real Estate Ltd.
MDGS.TA,Medigus Ltd.
STRS.TA,Strauss Group Ltd.
TZMI.TA,Zmiha Investment House Ltd.
NAWI.TA,Nawi Brothers Group Ltd.
SODA.TA,SodaStream International Ltd.
SHAN.TA,Shaniv Paper Industry Ltd
ENLT.TA,Enlight Renewable Energy Ltd
TFVC.TA,Tamir Fishman Ventures II
MGOR.TA,Mega Or Holdings Ltd.
OBAS.TA,Optibase Ltd.
LAHAV.TA,Lahav LR Real Estate Ltd
AUDC.TA,AudioCodes Ltd.
SMT.TA,Summit Real Estate Holdings Ltd.
PTBL.TA,Property and Building Corp. Ltd
ITYF.TA,Itay Financial A.A Investments Ltd
PHOE.TA,The Phoenix Holdings Ltd.
TREN.TA,Trendline Information and Communication Services Ltd.
ULTR.TA,Ultra Equity Investments Ltd.
LVPR.TA,Levinstein Properties Ltd
SHNP.TA,E. Schnapp & Co. Works Ltd.
VCTR.TA,Victory Supermarket Chain Ltd
SCC.TA,Space-Communication Ltd.
USER-M.TA,USER TREND LTD ILS1
OPCT.TA,Ophectra Real Estate & Investments Ltd
SAE.TA,Shufersal Ltd
ORTM.TA,Ortam Sahar Engineering Ltd.
KDST.TA,Kadimastem Ltd
KLIL.TA,Klil Industries Ltd.
NAMN.TA,Naaman Group (N.V.) Ltd
SPNTC.TA,N.R. Spuntech Industries Ltd.
TDGN.TA,Tadir-Gan (Precision Products) 1993 Ltd.
SNTG.TA,SNTG.TA
NTML.TA,Neto Malinda Trading Ltd.
MABR.TA,Maabarot Products Ltd.
MCTC.TA,Micromedic Technologies Ltd
PLIND.TA,Shefa Success Logistics (B.F.) Ltd
ENRG.TA,Energix - Renewable Energies Ltd
INTR.TA,Inter-Gamma Investment Company Ltd.
MEDN-L.TA,MEHADRIN ILS1
SNFL.TA,Sunflower Sustainable Investments Ltd
MMAN.TA,Maman-Cargo Terminals & Handling Ltd.
WTPI-M.TA,W.T.P. Israel (Waste to Products) Ltd.
PNTR.TA,Pointer Telocation Ltd.
OPAL.TA,Opal Balance Investments Ltd
LUDN.TA,LUDAN Engineering Co. Ltd.
ISRA-L.TA,Isramco Negev 2 Limited Partnership
TOPS.TA,Top Ramdor Systems & Computers Co. (1990) Ltd.
LAPD.TA,Lapidoth Capital Ltd
TNPV.TA,TechnoPlus Ventures Ltd.
SANO1.TA,Sano-Bruno's Enterprises Ltd.
TMDA.TA,Tamda Ltd.
SILC.TA,SILC.TA
SMNIN.TA,Shemen Industries Ltd.
LDRC.TA,Leader Capital Markets Ltd.
ORIN.TA,Orian Sh.M. Ltd.
ITRN.TA,Ituran Location & Control Ltd.
KAFR.TA,Kafrit Industries (1993) Ltd
NERZ.TA,New Horizon Group Ltd.
MTDS.TA,Meitav DASH Investments Ltd
GRNG-L.TA,GREENERGY RENEWABL ILS1
MTCO.TA,MTI Computers and Software Services (1982) Ltd.
ILX.TA,Ilex Medical Ltd
MBMX.TA,Mobile Max Technologies Ltd
PTCH.TA,Israel Petrochemical Enterprises Ltd.
ILDC.TA,The Israel Land Development Company Ltd.
MSHR.TA,Mishorim Development Ltd.
BRND.TA,Brand Industries Ltd.
TFRLF.TA,Tefron Ltd.
PCBT.TA,P.C.B. Technologies Ltd
LHIS.TA,Lachish Industries Ltd.
ENDY.TA,Endymed Ltd.
MDCL.TA,Medical Compression Systems (DBN) Ltd.
TUBE.TA,Gaon Group Ltd.
TIVA-L.TA,TIV Textile Group (1969) Ltd.
LEOF.TA,Lewinsky-Ofer Ltd.
DELT.TA,Delta Galil Industries Ltd.
OSEM.TA,Osem Investments Ltd.
MYDS.TA,Mydas Real Estate Investments Ltd
WSMK.TA,WhiteSmoke Software Ltd
MTRN.TA,Maytronics Ltd.
NTGR.TA,Netanel Group Ltd.
NRH.TA,Natural Resource Holdings Limited
RMN.TA,Ram-On Investments and Holdings (1999) Ltd
HOD.TA,Hod Assaf Industries Ltd.
RAVD.TA,Ravad Ltd
RVL.TA,Raval ACS Ltd.
PRTC.TA,Prior-Tech Ltd.
KRNV.TA,Kardan N.V.
KEN.TA,Kenon Holdings Ltd.
MYSZ.TA,"My Size, Inc."
MYL.TA,Mylan N.V.
NSTR.TA,Norstar Holdings Inc.
ORA.TA,"Ormat Technologies, Inc."
PHMD.TA,"PhotoMedex, Inc."
PSTI.TA,Pluristem Therapeutics Inc.
SKLN.TA,Skyline Investments Inc.
SMTO.TA,Somoto Ltd.
