Ticker,Name
PHOL-R.BK,Phol Dhanya Public Company Limited
PACE.BK,Pace Development Corporation Public Company Limited
TAE.BK,Thai Agro Energy Public Company Limited
WHAPF.BK,WHA Premium Factory and Warehouse Freehold and Leasehold Property Fund
TPCH.BK,TPC Power Holding Public Company Limited
JUBILE.BK,Jubilee Enterprise Public Company Limited
JTS.BK,Jasmine Telecom Systems Public Company Limited
JMT-R.BK,JMT Network Services Public Company Limited
JASIF.BK,Jasmine Broadband Internet Infrastructure Fund
JCT.BK,Jack Chia Industries (Thailand) Public Company Limited
JWD.BK,JWD Infologistics Public Company Limited
JMART.BK,Jay Mart Public Company Limited
NPK-R.BK,New Plus Knitting Public Company Limited
KTC.BK,Krungthai Card Public Company Limited
KTC-R.BK,Krungthai Card Public Company Limited
KTB.BK,Krung Thai Bank Public Company Limited
KGI.BK,KGI Securities (Thailand) Public Company Limited
KC.BK,K.C. Property Public Company Limited
KASET.BK,Thai HA Public Company Limited
KPNPF.BK,KPN Property Fund
KWC-R.BK,Krungdhep Sophon Public Company Limited
POMPUI.BK,KUANG PEI SAN FOOD PRODUCTS
NEP-R.BK,NEP Realty and Industry Public Company Limited
UPA-R.BK,United Power of Asia Public Company Limited
QHPF.BK,Quality Houses Leasehold Property Fund
QLT-R.BK,Qualitech Public Company Limited
QH.BK,Quality Houses Public Company Limited
QTC-R.BK,QTC Energy Public Company Limited
Q-CON-R.BK,Quality Construction Products Public Company Limited
QHOP.BK,Quality Hospitality Leasehold Property Fund
QLT.BK,Qualitech Public Company Limited
QHHR.BK,Quality Houses Hotel and Residence Freehold and Leasehold Property Fund
QH-R.BK,Quality Houses Public Company Limited
QTC.BK,QTC Energy Public Company Limited
Q-CON.BK,Quality Construction Products Public Company Limited
SPRC-R.BK,Star Petroleum Refining Public Company Limited
SVH.BK,Samitivej Public Company Limited
UWC-R.BK,Ua Withya Public Company Limited
UPF-R.BK,Union Pioneer Public Company Limited
UNIQ.BK,Unique Engineering And Construction Public Company Limited
VIBHA.BK,Vibhavadi Medical Center Public Company Limited
VARO.BK,Varopakorn Public Company Limited
VIH.BK,Srivichaivejvivat Public Company Limited
WIN-R.BK,Wyncoast Industrial Park Public Company Limited
TWPC-R.BK,Thai Wah Public Company Limited
WR.BK,WE RETAIL PUBLIC COMPANY LIMITE
WHA.BK,WHA Corporation Public Company Limited
WHABT.BK,WHA Business Complex Freehold and Leasehold Real Estate Investment Trust
TWS.BK,Thai Wah Starch Public Company Limited
WG.BK,White Group Public Company Limited
WORLD-R.BK,WORLD CORPORATION PUBLIC COMPAN
WHART.BK,WHA Premium Growth Freehold And Leasehold Real Estate Investment Trust
WIIK.BK,Wiik & Hoeglund Public Company Limited
SPA-R.BK,Siam Wellness Group Public Company Limited
XO-R.BK,Exotic Food Public Company Limited
XO.BK,Exotic Food Public Company Limited
YUASA.BK,Yuasa Battery (Thailand) Public Company Limited
YCI.BK,YONG THAI PUBLIC COMPANY LIMITE
YUASA-R.BK,Yuasa Battery (Thailand) Public Company Limited
YNP-R.BK,YARNAPUND PUBLIC COMPANY LIMITE
YCI-R.BK,YONG THAI PUBLIC COMPANY LIMITE
YNP.BK,YARNAPUND PUBLIC COMPANY LIMITE
ZMICO-R.BK,Seamico Securities Public Company Limited
ZMICO.BK,Seamico Securities Public Company Limited
AAV.BK,Asia Aviation Public Company Limited
AAV-R.BK,Asia Aviation Public Company Limited
ABPIF.BK,Amata B. Grimm Power Plant Infrastructure Fund
ABICO-R.BK,Abico Holdings Public Company Limited
ABICO.BK,Abico Holdings Public Company Limited
EA-R.BK,Energy Absolute Public Company Limited
ABC-R.BK,Asset Bright Public Company Limited
EA.BK,Energy Absolute Public Company Limited
ABC.BK,Digital Tech Planet Public Company Limited
ACD-R.BK,Green Resources Public Company Limited
ACAP-R.BK,Asia Capital Group Public Company Limited
ACC-R.BK,Advanced Connection Corporation Public Company Limited
ACC.BK,Advanced Connection Corporation Public Company Limited
ACAP.BK,Asia Capital Group Public Company Limited
AJD.BK,AJ Advance Technology Public Company Limited
ADAM-R.BK,ADAMAS INCORPORATION PUBLIC COM
ADVANC.BK,Advanced Info Service Public Company Limited
ADVANC-R.BK,Advanced Info Service Public Company Limited
ADVA42P1602A.BK,ADVA42P1602A.BK
AEONTS-R.BK,AEON Thana Sinsap (Thailand) Public Company Limited
AEC-R.BK,AEC Securities Public Company Limited
AEONTS.BK,AEON Thana Sinsap (Thailand) Public Company Limited
AEC.BK,AEC Securities Public Company Limited
AFC.BK,Asia Fiber Public Company Limited
AF.BK,Aira Factoring Public Company Limited
AF-R.BK,Aira Factoring Public Company Limited
AFC-R.BK,Asia Fiber Public Company Limited
TAE-R.BK,Thai Agro Energy Public Company Limited
AGE.BK,Asia Green Energy Public Company Limited
AGE-R.BK,Asia Green Energy Public Company Limited
AHC.BK,Aikchol Hospital Public Company Limited
AH-R.BK,AAPICO Hitech Public Company Limited
AH.BK,AAPICO Hitech Public Company Limited
AHC-R.BK,Aikchol Hospital Public Company Limited
EFORL.BK,E for L Aim Public Company Limited
AIRA-R.BK,AIRA Capital Public Company Limited
AIT-R.BK,Advanced Information Technology Public Company Limited
AIRA.BK,AIRA Capital Public Company Limited
NOK-R.BK,Nok Airlines Public Company Limited
AIE-R.BK,AI Energy Public Company Limited
BA-R.BK,Bangkok Airways Public Company Limited
EFORL-R.BK,E for L Aim Public Company Limited
AIE.BK,AI Energy Public Company Limited
BA.BK,Bangkok Airways Public Company Limited
AI-R.BK,Asian Insulators Public Company Limited
NOK.BK,Nok Airlines Public Company Limited
AI.BK,Asian Insulators Public Company Limited
AIT.BK,Advanced Information Technology Public Company Limited
AJD-R.BK,AJ Advance Technology Public Company Limited
AJ-R.BK,A.J. Plast Public Company Limited
AJ.BK,A.J. Plast Public Company Limited
AKR-R.BK,Ekarat Engineering Public Company Limited
AKP.BK,Akkhie Prakarn Public Company Limited
AKP-R.BK,Akkhie Prakarn Public Company Limited
AKR.BK,Ekarat Engineering Public Company Limited
ALUCON-R.BK,ALUCON Public Company Limited
ALUCON.BK,ALUCON Public Company Limited
AMANAH.BK,Amanah Leasing Public Company Limited
AMARIN.BK,Amarin Printing and Publishing Public Company Limited
AMATAV-R.BK,Amata VN Public Company Limited
AMANAH-R.BK,Amanah Leasing Public Company Limited
AMATA.BK,Amata Corporation Public Company Limited
AMATA-R.BK,Amata Corporation Public Company Limited
AMATAV.BK,Amata VN Public Company Limited
AMATAR.BK,Amata Summit Growth Freehold and Leasehold Real Estate Investment Trust
AMC-R.BK,Asia Metal Public Company Limited
AMC.BK,Asia Metal Public Company Limited
AMARIN-R.BK,Amarin Printing and Publishing Public Company Limited
CTARAF.BK,Centara Hotels and Resorts Leasehold Property Fund
CSS.BK,Communication & System Solution Public Company Limited
HPF.BK,Hemaraj Industrial Property and Leasehold Fund
TREIT.BK,Ticon Freehold & Leasehold Real Estate Investment Trust
ANAN.BK,Ananda Development Public Company Limited
TLGF.BK,Tesco Lotus Retail Growth Freehold and Leasehold Property Fund
TNPF.BK,Trinity Freehold and Leasehold Property Fund
CSS-R.BK,Communication & System Solution Public Company Limited
LHPF.BK,Land and Houses Freehold and Leasehold Property Fund
ANAN-R.BK,Ananda Development Public Company Limited
AOT.BK,Airports of Thailand Public Company Limited
AOT-R.BK,Airports of Thailand Public Company Limited
AP.BK,AP (Thailand) Public Company Limited
APCS.BK,Asia Precision Public Company Limited
APURE.BK,Agripure Holdings Public Company Limited
APURE-R.BK,Agripure Holdings Public Company Limited
APX.BK,Apex Development Public Company Limited
AP-R.BK,AP (Thailand) Public Company Limited
APCO.BK,Asian Phytoceuticals Public Company Limited
APX-R.BK,Apex Development Public Company Limited
APCO-R.BK,Asian Phytoceuticals Public Company Limited
APCS-R.BK,Asia Precision Public Company Limited
AQUA.BK,Aqua Corporation Public Company Limited
AQ.BK,AQ Estate Public Company Limited
AQUA-R.BK,Aqua Corporation Public Company Limited
AQ-R.BK,AQ Estate Public Company Limited
ARIP-R.BK,ARIP Public Company Limited
ARROW-R.BK,Arrow Syndicate Public Company Limited
ARROW.BK,Arrow Syndicate Public Company Limited
ARIP.BK,ARIP Public Company Limited
ASP.BK,Asia Plus Group Holdings Public Company Limited
ASIAN.BK,Asian Seafoods Coldstorage Public Company Limited
BLA-R.BK,Bangkok Life Assurance Public Company Limited
ASCON.BK,ASCON.BK
ASP-R.BK,Asia Plus Group Holdings Public Company Limited
ASEFA-R.BK,Asefa Public Company Limited
PMTA-R.BK,PM Thoresen Asia Holdings Public Company Limited
ASK.BK,Asia Sermkij Leasing Public Company Limited
AS.BK,Asiasoft Corporation Public Company Limited
ASIMAR-R.BK,Asian Marine Services Public Company Limited
UPA.BK,United Power of Asia Public Company Limited
ASEFA.BK,Asefa Public Company Limited
BLA.BK,Bangkok Life Assurance Public Company Limited
ASK-R.BK,Asia Sermkij Leasing Public Company Limited
AS-R.BK,Asiasoft Corporation Public Company Limited
ASIA-R.BK,Asia Hotel Public Company Limited
ASIA.BK,Asia Hotel Public Company Limited
PMTA.BK,PM Thoresen Asia Holdings Public Company Limited
ASIMAR.BK,Asian Marine Services Public Company Limited
PCA.BK,Planet Communications Asia Public Company Limited
PCA-R.BK,Planet Communications Asia Public Company Limited
ASIAN-R.BK,Asian Seafoods Coldstorage Public Company Limited
J.BK,JAS Asset Public Company Limited
SCBLIF.BK,SCB Life Assurance Public Company Limited
J-R.BK,JAS Asset Public Company Limited
ATP30-R.BK,ATP 30 Public Company Limited
ATP30.BK,ATP 30 Public Company Limited
AUCT.BK,Union Auction Public Company Limited
AUCT-R.BK,Union Auction Public Company Limited
AYUD.BK,Sri Ayudhya Capital Public Company Limited
AYUD-R.BK,Sri Ayudhya Capital Public Company Limited
BAY.BK,Bank of Ayudhya Public Company Limited
BRC.BK,BANGKOK RUBBER PUBLIC COMPANY L
BBL.BK,Bangkok Bank Public Company Limited
BBL-R.BK,Bangkok Bank Public Company Limited
BCP.BK,Bangchak Corporation Public Company Limited
BCH-R.BK,Bangkok Chain Hospital Public Company Limited
BCH.BK,Bangkok Chain Hospital Public Company Limited
BCP-R.BK,Bangchak Corporation Public Company Limited
BDMS.BK,Bangkok Dusit Medical Services Public Company Limited
BDMS-R.BK,Bangkok Dusit Medical Services Public Company Limited
BECL.BK,Bangkok Expressway Public Company Limited
BEM.BK,Bangkok Expressway and Metro Public Company Limited
BEAUTY-R.BK,Beauty Community Public Company Limited
BEC-R.BK,BEC World Public Company Limited
BFIT.BK,Srisawad Finance Public Company Limited
BFIT-R.BK,Srisawad Finance Public Company Limited
BGT.BK,BGT Corporation Public Company Limited
BGT-R.BK,BGT Corporation Public Company Limited
BH-R.BK,Bumrungrad Hospital Public Company Limited
BH.BK,Bumrungrad Hospital Public Company Limited
BIGC.BK,Big C Supercenter Public Company Limited
BIG-R.BK,SunWood Industries Public Company Limited
BIG.BK,Big Camera Corporation Public Company Limited
BIGC-R.BK,Big C Supercenter Public Company Limited
BJC.BK,Berli Jucker Public Company Limited
BJC-R.BK,Berli Jucker Public Company Limited
BJCHI.BK,BJC Heavy Industries Public Company Limited
BJCHI-R.BK,BJC Heavy Industries Public Company Limited
BKI-R.BK,Bangkok Insurance Public Company Limited
BKD.BK,Bangkok Dec - Con Public Company Limited
BKI.BK,Bangkok Insurance Public Company Limited
BKD-R.BK,Bangkok Dec - Con Public Company Limited
BKKCP.BK,Bangkok Commercial Property Fund
BLAND-R.BK,Bangkok Land Public Company Limited
BLISS.BK,BLISS-TEL PUBLIC COMPANY LIMITE
BLAND.BK,Bangkok Land Public Company Limited
BLISS-R.BK,BLISS-TEL PUBLIC COMPANY LIMITE
BMCL.BK,Bangkok Metro Public Company Limited
BOL-R.BK,Business Online Public Company Limited
BOL.BK,Business Online Public Company Limited
BROCK-R.BK,Baan Rock Garden Public Company Limited
BROOK.BK,The Brooker Group Public Company Limited
BRR-R.BK,Buriram Sugar Public Company Limited
BROCK.BK,Baan Rock Garden Public Company Limited
BSM-R.BK,BuilderSmart Public Company Limited
BSBM.BK,Bangsaphan Barmill Public Company Limited
BSM.BK,BuilderSmart Public Company Limited
BSBM-R.BK,Bangsaphan Barmill Public Company Limited
BTS.BK,BTS Group Holdings Public Company Limited
BTC.BK,Bangpakong Terminal Public Company Limited
BTC-R.BK,Bangpakong Terminal Public Company Limited
BTS-R.BK,BTS Group Holdings Public Company Limited
BTNC-R.BK,Boutique Newcity Public Company Limited
BTNC.BK,Boutique Newcity Public Company Limited
BTSGIF.BK,BTS Rail Mass Transit Growth Infrastructure Fund
CMR.BK,Chiang Mai Ram Medical Business Public Company Limited
SBPF.BK,Samui buri Property Fund
CMR-R.BK,Chiang Mai Ram Medical Business Public Company Limited
BRR.BK,Buriram Sugar Public Company Limited
BUI.BK,Bangkok Union Insurance Public Company Limited
BUI-R.BK,Bangkok Union Insurance Public Company Limited
BWG.BK,Better World Green Public Company Limited
BWG-R.BK,Better World Green Public Company Limited
GCAP.BK,G Capital Public Company Limited
IFS-R.BK,IFS Capital (Thailand) Public Company Limited
CBG-R.BK,Carabao Group Public Company Limited
CBG.BK,Carabao Group Public Company Limited
CCET-R.BK,Cal-Comp Electronics (Thailand) Public Company Limited
CCN-R.BK,Sky ICT Public Company Limited
CCN.BK,Sky ICT Public Company Limited
CCP-R.BK,Chonburi Concrete Product Public Company Limited
CCP.BK,Chonburi Concrete Product Public Company Limited
CCET.BK,Cal-Comp Electronics (Thailand) Public Company Limited
CEN-R.BK,Capital Engineering Network Public Company Limited
CENTEL.BK,Central Plaza Hotel Public Company Limited
LHSC.BK,LH Shopping Centers Leasehold Real Estate Investment Trust
CEI.BK,Advanced Connection Corporation Public Company Limited
CEI-R.BK,Advanced Connection Corporation Public Company Limited
CPICO.BK,CPICO.BK
TUCC-R.BK,THAI UNIQUE COIL CENTER PUBLIC
TUCC.BK,THAI UNIQUE COIL CENTER PUBLIC
CEN.BK,Capital Engineering Network Public Company Limited
CENTEL-R.BK,Central Plaza Hotel Public Company Limited
CFRESH-R.BK,Seafresh Industry Public Company Limited
CFRESH.BK,Seafresh Industry Public Company Limited
CGD.BK,Country Group Development Public Company Limited
CGD-R.BK,Country Group Development Public Company Limited
CGH.BK,Country Group Holdings Public Company Limited
CGH-R.BK,Country Group Holdings Public Company Limited
CHG.BK,Chularat Hospital Public Company Limited
CHG-R.BK,Chularat Hospital Public Company Limited
CHUO.BK,Chuo Senko (Thailand) Public Company Limited
CHUO-R.BK,Chuo Senko (Thailand) Public Company Limited
CHOW.BK,Chow Steel Industries Public Company Limited
CIMBT.BK,CIMB Thai Bank Public Company Limited
U-R.BK,U City Public Company Limited
MJLF.BK,Major Cineplex Lifestyle Leasehold Property Fund.
CIG.BK,C.I. Group Public Company Limited
CIG-R.BK,C.I. Group Public Company Limited
CIMBT-R.BK,CIMB Thai Bank Public Company Limited
CITY-R.BK,City Steel Public Company Limited
CI-R.BK,Charn Issara Development Public Company Limited
CI.BK,Charn Issara Development Public Company Limited
CITY.BK,City Steel Public Company Limited
CKP.BK,CK Power Public Company Limited
CK.BK,CH. Karnchang Public Company Limited
CK-R.BK,CH. Karnchang Public Company Limited
CKP-R.BK,CK Power Public Company Limited
CMO.BK,CMO Public Company Limited
CM-R.BK,Chiangmai Frozen Foods Public Company Limited
CM.BK,Chiangmai Frozen Foods Public Company Limited
CMO-R.BK,CMO Public Company Limited
CNT.BK,Christiani & Nielsen (Thai) Public Company Limited
CNT-R.BK,Christiani & Nielsen (Thai) Public Company Limited
CNS.BK,Capital Nomura Securities Public Company Limited
CPALL-R.BK,CP ALL Public Company Limited
CPL-R.BK,CPL Group Public Company Limited
CPH.BK,Castle Peak Holdings Public Company Limited
CPI.BK,Chumporn Palm Oil Industry Public Company Limited
CPR-R.BK,CPR Gomu Industrial Public Company Limited
CPN.BK,Central Pattana Public Company Limited
CPALL.BK,CP ALL Public Company Limited
CPF-R.BK,Charoen Pokphand Foods Public Company Limited
CPN-R.BK,Central Pattana Public Company Limited
CPL.BK,CPL Group Public Company Limited
CPH-R.BK,Castle Peak Holdings Public Company Limited
CRYSTAL.BK,Crystal Retail Growth Leasehold Property Fund
CPI-R.BK,Chumporn Palm Oil Industry Public Company Limited
CPF.BK,Charoen Pokphand Foods Public Company Limited
CPR.BK,CPR Gomu Industrial Public Company Limited
CPNCG.BK,CPN Commercial Growth Leasehold Property Fund
CPNRF.BK,CPN Retail Growth Leasehold Property Fund
CPTGF.BK,C.P. Tower Growth Leasehold Property Fund
CRANE.BK,Chukai Public Company Limited
CRANE-R.BK,Chukai Public Company Limited
CSP-R.BK,CSP Steel Center Public Company Limited
CSR.BK,City Sports and Recreation Public Company Limited
CSP.BK,CSP Steel Center Public Company Limited
CSL-R.BK,CS Loxinfo Public Company Limited
CSR-R.BK,City Sports and Recreation Public Company Limited
CSL.BK,CS Loxinfo Public Company Limited
CSC-R.BK,Crown Seal Public Company Limited
CSC.BK,Crown Seal Public Company Limited
CTW-R.BK,Charoong Thai Wire and Cable Public Company Limited
CTW.BK,Charoong Thai Wire and Cable Public Company Limited
CWT-R.BK,Chai Watana Tannery Group Public Company Limited
CWT.BK,Chai Watana Tannery Group Public Company Limited
DAII-R.BK,Daii Group Public Company Limited
DAII.BK,Daii Group Public Company Limited
DCON.BK,DCON Products Public Company Limited
DCC-R.BK,Dynasty Ceramic Public Company Limited
DCC.BK,Dynasty Ceramic Public Company Limited
DCORP-R.BK,Demeter Corporation Public Company Limited
DCORP.BK,Demeter Corporation Public Company Limited
DCON-R.BK,DCON Products Public Company Limited
DELTA.BK,Delta Electronics (Thailand) Public Company Limited
PHOL.BK,Phol Dhanya Public Company Limited
SANKO.BK,Sanko Diecasting (Thailand) Public Company Limited
DIMET.BK,Dimet (siam) Public Company Limited
DIMET-R.BK,Dimet (siam) Public Company Limited
TVD-R.BK,TV Direct Public Company Limited
DIF.BK,Digital Telecommunications Infrastructure Fund
SANKO-R.BK,Sanko Diecasting (Thailand) Public Company Limited
TVD.BK,TV Direct Public Company Limited
DNA-R.BK,DNA 2002 Public Company Limited
DNA.BK,DNA 2002 Public Company Limited
CHO-R.BK,Cho Thavee Public Company Limited
CHO.BK,Cho Thavee Public Company Limited
DRACO.BK,Draco PCB Public Company Limited
DRT.BK,Diamond Building Products Public Company Limited
DRT-R.BK,Diamond Building Products Public Company Limited
DRACO-R.BK,Draco PCB Public Company Limited
DSGT.BK,DSG International (Thailand) Public Company Limited
DSGT-R.BK,DSG International (Thailand) Public Company Limited
DTAC.BK,Total Access Communication Public Company Limited
DTCI-R.BK,D.T.C. Industries Public Company Limited
DTC.BK,Dusit Thani Public Company Limited
DTAC-R.BK,Total Access Communication Public Company Limited
DTCPF.BK,The Dusit Thani Freehold and Leasehold Property Fund
DTC-R.BK,Dusit Thani Public Company Limited
DTCI.BK,D.T.C. Industries Public Company Limited
EASTW.BK,Eastern Water Resources Development and Management Public Company Limited
EASON.BK,Eason Paint Public Company Limited
EPG-R.BK,Eastern Polymer Group Public Company Limited
ECF.BK,East Coast Furnitech Company Limited
EPG.BK,Eastern Polymer Group Public Company Limited
EARTH-R.BK,Energy Earth Public Company Limited
EASON-R.BK,Eason Paint Public Company Limited
EARTH.BK,Energy Earth Public Company Limited
EASTW-R.BK,Eastern Water Resources Development and Management Public Company Limited
ECF-R.BK,East Coast Furnitech Company Limited
ECL-R.BK,Eastern Commercial Leasing Public Company Limited
ECL.BK,Eastern Commercial Leasing Public Company Limited
NINE-R.BK,Nation International Edutainment Public Company Limited
NINE.BK,Nation International Edutainment Public Company Limited
EE.BK,Eternal Energy Public Company Limited
EE-R.BK,Eternal Energy Public Company Limited
EGCO.BK,Electricity Generating Public Company Limited
EGATIF.BK,Electricity Generating Authority Of Thailand- North Bangkok Power Plant Block 1 Infrastructure Fund
EGCO-R.BK,Electricity Generating Public Company Limited
EIC-R.BK,Electronics Industry Public Company Limited
UOB8TF.BK,UOB Freehold Eight Thonglor Property Fund
EIC.BK,Electronics Industry Public Company Limited
SCI.BK,SCI Electric Public Company Limited
SCI-R.BK,SCI Electric Public Company Limited
EMC-R.BK,EMC Public Company Limited
EMC.BK,EMC Public Company Limited
PTG.BK,PTG Energy Public Company Limited
T.BK,T Engineering Corporation Public Company Limited
EPCO.BK,Eastern Printing Public Company Limited
EPCO-R.BK,Eastern Printing Public Company Limited
MGE.BK,MFC Global Equity Fund
ERW.BK,The Erawan Group Public Company Limited
ERW-R.BK,The Erawan Group Public Company Limited
ERWPF.BK,Erawan Hotel Growth Property Fund
IMPACT.BK,IMPACT Growth Real Estate Investment Trust
ESTAR.BK,Eastern Star Real Estate Public Company Limited
LHHOTEL.BK,LH Hotel Leasehold Real Estate Investment Trust
S-R.BK,Singha Estate Public Company Limited
ESSO.BK,Esso (Thailand) Public Company Limited
S.BK,Singha Estate Public Company Limited
ESTAR-R.BK,Eastern Star Real Estate Public Company Limited
ESSO-R.BK,Esso (Thailand) Public Company Limited
MIT.BK,MFC Industrial Real Estate Investment Trust
UREKA.BK,Eureka Design Public Company Limited
UREKA-R.BK,Eureka Design Public Company Limited
EVER-R.BK,Everland Public Company Limited
EVER.BK,Everland Public Company Limited
SGF-R.BK,SGF Capital Public Company Limited
FANCY.BK,Fancy Wood Industries Public Company Limited
FANCY-R.BK,Fancy Wood Industries Public Company Limited
SGF.BK,SGF Capital Public Company Limited
FER.BK,Ferrum Public Company Limited
FER-R.BK,Ferrum Public Company Limited
NFC.BK,NFC Fertilizer Public Company Limited
RP-R.BK,Raja Ferry Port Public Company Limited
RP.BK,Raja Ferry Port Public Company Limited
NFC-R.BK,NFC PUBLIC COMPANY LIMITED
FE-R.BK,Far East DDB Public Company Limited
FE.BK,Far East DDB Public Company Limited
FIRE.BK,Harn Engineering Solutions Public Company Limited
FVC.BK,Filter Vision Public Company Limited
TMILL.BK,T S Flour Mill Public Company Limited
TMILL-R.BK,T S Flour Mill Public Company Limited
FMT.BK,Furukawa Metal (Thailand) Public Company Limited
FMT-R.BK,Furukawa Metal (Thailand) Public Company Limited
FNS.BK,Finansa Public Company Limited
FNS-R.BK,Finansa Public Company Limited
FOCUS-R.BK,Focus Development and Construction Public Company Limited
FPI.BK,Fortune Parts Industry Public Company Limited
FSMART-R.BK,Forth Smart Service Public Company Limited
SFP-R.BK,Siam Food Products Public Company Limited
POMPUI-R.BK,KUANG PEI SAN FOOD PRODUCTS
TFG-R.BK,Thai Foods Group Public Company Limited
FPI-R.BK,Fortune Parts Industry Public Company Limited
TKN.BK,Taokaenoi Food & Marketing Public Company Limited
FORTH-R.BK,Forth Corporation Public Company Limited
FOCUS.BK,Focus Development and Construction Public Company Limited
TFG.BK,Thai Foods Group Public Company Limited
FSMART.BK,Forth Smart Service Public Company Limited
TKN-R.BK,Taokaenoi Food & Marketing Public Company Limited
SFP.BK,Siam Food Products Public Company Limited
FORTH.BK,Forth Corporation Public Company Limited
FSS-R.BK,Finansia Syrus Securities Public Company Limited
FSS.BK,Finansia Syrus Securities Public Company Limited
SSTSS.BK,Sub Sri Thai Smart Storage Property Fund
URBNPF.BK,Urbana Property Fund (leasehold)
M-STOR.BK,MFC-Strategic Storage Fund
TLOGIS.BK,TPARK Logistics Property Fund
POPF.BK,Prime Office Leasehold Property Fund
FUTUREPF.BK,Future Park Leasehold Property Fund
SSPF.BK,Sala @ Sathorn Property Fund
TIF1.BK,Thai Industrial Fund 1
TRIF.BK,Thai Retail Investment Fund
GOLDPF.BK,Gold Property Fund Lease Hold
SCBSET.BK,SCB SET INDEX FUND ACCUMULATIVE
UNIPF.BK,Uniloft Property Fund
MIPF.BK,Millionaire Property Fund
FVC-R.BK,Filter Vision Public Company Limited
GC.BK,Global Connections Public Company Limited
GCAP-R.BK,G Capital Public Company Limited
GC-R.BK,Global Connections Public Company Limited
GEL-R.BK,General Engineering Public Company Limited
LPH.BK,Ladprao General Hospital Public Company Limited
GEL.BK,General Engineering Public Company Limited
GENCO-R.BK,General Environmental Conservation Public Company Limited
GENCO.BK,General Environmental Conservation Public Company Limited
LPH-R.BK,Ladprao General Hospital Public Company Limited
GFPT-R.BK,GFPT Public Company Limited
GFPT.BK,GFPT Public Company Limited
GIFT-R.BK,Gratitude Infinite Public Company Limited
GIFT.BK,Gratitude Infinite Public Company Limited
GJS.BK,G J Steel Public Company Limited
GJS-R.BK,G J Steel Public Company Limited
GL-R.BK,Group Lease Public Company Limited
UAC-R.BK,UAC Global Public Company Limited
GLOW-R.BK,Glow Energy Public Company Limited
GPSC-R.BK,Global Power Synergy Public Company Limited
GLOW.BK,Glow Energy Public Company Limited
GPSC.BK,Global Power Synergy Public Company Limited
VGI-R.BK,VGI Global Media Public Company Limited
STHAI.BK,SHUN THAI RUBBER GLOVES INDUSTR
SCAN.BK,SCAN.BK
GLOBAL-R.BK,Siam Global House Public Company Limited
GL.BK,Group Lease Public Company Limited
STHAI-R.BK,SHUN THAI RUBBER GLOVES INDUSTR
VGI.BK,VGI Global Media Public Company Limited
GLAND-R.BK,Grand Canal Land Public Company Limited
UAC.BK,UAC Global Public Company Limited
GLOBAL.BK,Siam Global House Public Company Limited
SCAN-R.BK,SCAN GLOBAL PUBLIC COMPANY LIMI
GLAND.BK,Grand Canal Land Public Company Limited
SUTHA.BK,Golden Lime Public Company Limited
SUTHA-R.BK,Golden Lime Public Company Limited
GOLD.BK,Golden Land Property Development Public Company Limited
GOLD-R.BK,Golden Land Property Development Public Company Limited
PCSGH-R.BK,P.C.S. Machine Group Holding Public Company Limited
ICHI.BK,ICHITAN GROUP Public Company Limited
GRAMMY.BK,GMM Grammy Public Company Limited
GSTEL.BK,G Steel Public Company Limited
GSTEL-R.BK,G Steel Public Company Limited
GTB-R.BK,Getabec Public Company Limited
GTB.BK,Getabec Public Company Limited
GUNKUL.BK,Gunkul Engineering Public Company Limited
GUNKUL-R.BK,Gunkul Engineering Public Company Limited
GYT-R.BK,Goodyear (Thailand) Public Company Limited
GYT.BK,Goodyear (Thailand) Public Company Limited
HANA.BK,Hana Microelectronics Public Company Limited
HTECH.BK,Halcyon Technology Public Company Limited
HTECH-R.BK,Halcyon Technology Public Company Limited
THL-R.BK,TONGKAH HARBOUR PUBLIC COMPANY
THL.BK,TONGKAH HARBOUR PUBLIC COMPANY
HANA-R.BK,Hana Microelectronics Public Company Limited
HFT.BK,Hwa Fong Rubber (Thailand) Public Company Limited
HFT-R.BK,Hwa Fong Rubber (Thailand) Public Company Limited
HMPRO.BK,Home Product Center Public Company Limited
HMPRO-R.BK,Home Product Center Public Company Limited
HOTPOT.BK,Hot Pot Public Company Limited
HPT.BK,Home Pottery Public Company Limited
HPT-R.BK,Home Pottery Public Company Limited
HTC.BK,Haad Thip Public Company Limited
HTC-R.BK,Haad Thip Public Company Limited
HYDRO.BK,Hydrotek Public Company Limited
HYDRO-R.BK,Hydrotek Public Company Limited
ICC-R.BK,I.C.C. International Public Company Limited
ICC.BK,I.C.C. International Public Company Limited
ICHI-R.BK,ICHITAN GROUP Public Company Limited
IEC.BK,The International Engineering Public Company Limited
IEC-R.BK,The International Engineering Public Company Limited
IFEC-R.BK,Inter Far East Energy Corporation Public Company Limited
IFEC.BK,Inter Far East Energy Corporation Public Company Limited
IFS.BK,IFS Capital (Thailand) Public Company Limited
IHL.BK,Interhides Public Company Limited
IHL-R.BK,Interhides Public Company Limited
ILINK.BK,Interlink Communication Public Company Limited
ILINK-R.BK,Interlink Communication Public Company Limited
IRPC-R.BK,IRPC Public Company Limited
IRPC.BK,IRPC Public Company Limited
IRCP.BK,International Research Corporation Public Company Limited
IRC-R.BK,Inoue Rubber (Thailand) Public Company Limited
IRCP-R.BK,International Research Corporation Public Company Limited
IRC.BK,Inoue Rubber (Thailand) Public Company Limited
ITD-R.BK,Italian-Thai Development Public Company Limited
ITD.BK,Italian-Thai Development Public Company Limited
IT.BK,IT City Public Company Limited
IT-R.BK,IT City Public Company Limited
LIT.BK,Lease IT Public Company Limited
LIT-R.BK,Lease IT Public Company Limited
IVL.BK,Indorama Ventures Public Company Limited
IVL-R.BK,Indorama Ventures Public Company Limited
JAS-R.BK,Jasmine International Public Company Limited
JAS.BK,Jasmine International Public Company Limited
JCT-R.BK,Jack Chia Industries (Thailand) Public Company Limited
JCP.BK,JC LEASEHOLD PROPERTY FUND
JMART-R.BK,Jay Mart Public Company Limited
JMT.BK,JMT Network Services Public Company Limited
JSP.BK,J.S.P. Property Public Company Limited
JSP-R.BK,J.S.P. Property Public Company Limited
JTS-R.BK,Jasmine Telecom Systems Public Company Limited
JUTHA-R.BK,Jutha Maritime Public Company Limited
JUTHA.BK,Jutha Maritime Public Company Limited
JUBILE-R.BK,Jubilee Enterprise Public Company Limited
JWD-R.BK,JWD Infologistics Public Company Limited
KAMART.BK,Karmarts Public Company Limited
KASET-R.BK,Thai HA Public Company Limited
KTIS.BK,Kaset Thai International Sugar Corporation Public Company Limited
KTIS-R.BK,Kaset Thai International Sugar Corporation Public Company Limited
KAMART-R.BK,Karmarts Public Company Limited
KBS.BK,Khonburi Sugar Public Company Limited
KBANK-R.BK,Kasikornbank Public Company Limited
KBANK.BK,Kasikornbank Public Company Limited
KBS-R.BK,Khonburi Sugar Public Company Limited
KCE-R.BK,KCE Electronics Public Company Limited
KCM-R.BK,K.C. Metalsheet Public Company Limited
KCM.BK,K.C. Metalsheet Public Company Limited
KCAR.BK,Krungthai Car Rent and Lease Public Company Limited
KC-R.BK,K.C. Property Public Company Limited
KCE.BK,KCE Electronics Public Company Limited
KCAR-R.BK,Krungthai Car Rent and Lease Public Company Limited
KDH.BK,Thonburi Medical Centre Public Company Limited
KDH-R.BK,Thonburi Medical Centre Public Company Limited
KGI-R.BK,KGI Securities (Thailand) Public Company Limited
K-R.BK,Kingsmen C.M.T.I. Public Company Limited
KIAT-R.BK,Kiattana Transport Public Company Limited
K.BK,Kingsmen C.M.T.I. Public Company Limited
KIAT.BK,Kiattana Transport Public Company Limited
KKP.BK,Kiatnakin Bank Public Company Limited
KKP-R.BK,Kiatnakin Bank Public Company Limited
KKC-R.BK,Kulthorn Kirby Public Company Limited
KKC.BK,Kulthorn Kirby Public Company Limited
NPK.BK,New Plus Knitting Public Company Limited
KOOL.BK,Masterkool International Public Company Limited
KOOL-R.BK,Masterkool International Public Company Limited
KSL-R.BK,Khon Kaen Sugar Industry Public Company Limited
KSL.BK,Khon Kaen Sugar Industry Public Company Limited
KTP.BK,King Wai Group (Thailand) Public Company Limited
KTECH-R.BK,KTECH CONSTRUCTION PUBLIC COMPA
KTB-R.BK,Krung Thai Bank Public Company Limited
KTECH.BK,KTECH CONSTRUCTION PUBLIC COMPA
KWC.BK,Krungdhep Sophon Public Company Limited
LALIN-R.BK,Lalin Property Public Company Limited
LANNA-R.BK,Lanna Resources Public Company Limited
LALIN.BK,Lalin Property Public Company Limited
LANNA.BK,Lanna Resources Public Company Limited
LDC.BK,LDC Dental Public Company Limited
LDC-R.BK,LDC Dental Public Company Limited
LEE.BK,Lee Feed Mill Public Company Limited
TTLPF.BK,Talaad Thai Leasehold Property Fund
MTLS-R.BK,Muangthai Leasing Public Company Limited
MTLS.BK,Muangthai Leasing Public Company Limited
LEE-R.BK,Lee Feed Mill Public Company Limited
LH-R.BK,Land and Houses Public Company Limited
LHBANK-R.BK,LH Financial Group Public Company Limited
LHBANK.BK,LH Financial Group Public Company Limited
LHK.BK,Lohakit Metal Public Company Limited
LHK-R.BK,Lohakit Metal Public Company Limited
LH.BK,Land and Houses Public Company Limited
TMI-R.BK,Teera-Mongkol Industry Public Company Limited
SR-R.BK,Siamraj Public Company Limited
SPVI.BK,SPVI Public Company Limited
SPCG.BK,SPCG Public Company Limited
SMPC.BK,Sahamitr Pressure Container Public Company Limited
PPP.BK,Premier Products Public Company Limited
MEGA.BK,Mega Lifesciences Public Company Limited
COLOR.BK,Salee Colour Public Company Limited
PTG-R.BK,PTG Energy Public Company Limited
SYMC.BK,Symphony Communication Public Company Limited
INSURE-R.BK,Indara Insurance Public Company Limited
SPA.BK,Siam Wellness Group Public Company Limited
NDR.BK,N.D. Rubber Public Company Limited
TTCL.BK,TTCL Public Company Limited
SAWAD-R.BK,Srisawad Corporation Public Company Limited
SR.BK,Siamraj Public Company Limited
SPVI-R.BK,SPVI Public Company Limited
MONO.BK,Mono Technology Public Company Limited
SCN.BK,Scan-Inter Public Company Limited
SMART.BK,Smart Concrete Public Company Limited
NUSA-R.BK,Nusasiri Public Company Limited
THANA.BK,Thanasiri Group Public Company Limited
HOTPOT-R.BK,Hot Pot Public Company Limited
LOXLEY.BK,Loxley Public Company Limited
LOXLEY-R.BK,Loxley Public Company Limited
NCL-R.BK,NCL International Logistics Public Company Limited
WICE-R.BK,WICE Logistics Public Company Limited
WICE.BK,WICE Logistics Public Company Limited
NCL.BK,NCL International Logistics Public Company Limited
LPN-R.BK,LPN Development Public Company Limited
LPN.BK,LPN Development Public Company Limited
LRH-R.BK,Laguna Resorts & Hotels Public Company Limited
LRH.BK,Laguna Resorts & Hotels Public Company Limited
LST.BK,Lam Soon (Thailand) Public Company Limited
LST-R.BK,Lam Soon (Thailand) Public Company Limited
LUXF.BK,Luxury Real Estate Investment Fund
LVT-R.BK,L.V. TECHNOLOGY PUBLIC COMPANY
LVT.BK,L.V. TECHNOLOGY PUBLIC COMPANY
MALEE-R.BK,Malee Group Public Company Limited
PM-R.BK,Premier Marketing Public Company Limited
MAJOR-R.BK,Major Cineplex Group Public Company Limited
MANRIN.BK,Mandarin Hotel Public Company Limited
MANRIN-R.BK,Mandarin Hotel Public Company Limited
MACO.BK,Master Ad Public Company Limited
MATI.BK,Matichon Public Company Limited
MAX.BK,Max Metal Corporation Public Company Limited
PCSGH.BK,P.C.S. Machine Group Holding Public Company Limited
MBKET.BK,Maybank Kim Eng Securities (Thailand) Public Company Limited
MBAX.BK,Multibax Public Company Limited
MBK.BK,MBK Public Company Limited
MBK-R.BK,MBK Public Company Limited
MBKET-R.BK,Maybank Kim Eng Securities (Thailand) Public Company Limited
MBAX-R.BK,Multibax Public Company Limited
MCS.BK,M.C.S. Steel Public Company Limited
MC-R.BK,Mc Group Public Company Limited
MCOT.BK,MCOT Public Company Limited
MCOT-R.BK,MCOT Public Company Limited
MCS-R.BK,M.C.S. Steel Public Company Limited
MC.BK,Mc Group Public Company Limited
MDX.BK,MDX Public Company Limited
MDX-R.BK,MDX Public Company Limited
METCO.BK,Muramoto Electron (Thailand) Public Company Limited
PLANB-R.BK,Plan B Media Public Company Limited
2S.BK,2S Metal Public Company Limited
2S-R.BK,2S Metal Public Company Limited
MFEC-R.BK,MFEC Public Company Limited
MFC-R.BK,MFC Asset Management Public Company Limited
M-II.BK,MFC Industrial Investment Property and Leasehold Fund
MNIT.BK,Mfc-Nichada Thani Property Fund
MFEC.BK,MFEC Public Company Limited
MFC.BK,MFC Asset Management Public Company Limited
SMT.BK,Stars Microelectronics (Thailand) Public Company Limited
MINT.BK,Minor International Public Company Limited
MJD.BK,Major Development Public Company Limited
MJD-R.BK,Major Development Public Company Limited
M.BK,MK Restaurant Group Public Company Limited
MK.BK,M.K. Real Estate Development Public Company Limited
MK-R.BK,M.K. Real Estate Development Public Company Limited
M-R.BK,MK Restaurant Group Public Company Limited
ML.BK,Mida Leasing Public Company Limited
ML-R.BK,Mida Leasing Public Company Limited
MNIT2.BK,MFC-Nichada Thani Property Fund 2
MNRF.BK,MFC Multi-National Residence Fund
MONTRI.BK,101 Montri Storage Property Fund
MONO-R.BK,Mono Technology Public Company Limited
MOONG-R.BK,Moong Pattana International Public Company Limited
PIMO-R.BK,Pioneer Motor Public Company Limited
MODERN.BK,Modernform Group Public Company Limited
MODERN-R.BK,Modernform Group Public Company Limited
MOONG.BK,Moong Pattana International Public Company Limited
PIMO.BK,Pioneer Motor Public Company Limited
MPIC-R.BK,M Pictures Entertainment Public Company Limited
MPG.BK,MPG Corporation Public Company Limited
MPIC.BK,M Pictures Entertainment Public Company Limited
MPG-R.BK,MPG Corporation Public Company Limited
MSC-R.BK,Metro Systems Corporation Public Company Limited
MSC.BK,Metro Systems Corporation Public Company Limited
MTI.BK,Muang Thai Insurance Public Company Limited
MTI-R.BK,Muang Thai Insurance Public Company Limited
NYT-R.BK,Namyong Terminal Public Company Limited
NBC.BK,Nation Broadcasting Corporation Public Company Limited
NYT.BK,Namyong Terminal Public Company Limited
NBC-R.BK,Nation Broadcasting Corporation Public Company Limited
NCH.BK,N.C. Housing Public Company Limited
NC.BK,Newcity (Bangkok) Public Company Limited
NCH-R.BK,N.C. Housing Public Company Limited
NC-R.BK,Newcity (Bangkok) Public Company Limited
NDR-R.BK,N.D. Rubber Public Company Limited
NEWS.BK,News Network Corporation Public Company Limited
NEW.BK,Wattana Karnpaet Public Company Limited
NEP.BK,NEP Realty and Industry Public Company Limited
NEWS-R.BK,News Network Corporation Public Company Limited
NEW-R.BK,Wattana Karnpaet Public Company Limited
NKI.BK,The Navakij Insurance Public Company Limited
NKI-R.BK,The Navakij Insurance Public Company Limited
NMG-R.BK,Nation Multimedia Group Public Company Limited
NMG.BK,Nation Multimedia Group Public Company Limited
NNCL-R.BK,Nava Nakorn Public Company Limited
NNCL.BK,Nava Nakorn Public Company Limited
NOBLE-R.BK,Noble Development Public Company Limited
NOBLE.BK,Noble Development Public Company Limited
NPP.BK,Nippon Pack (Thailand) Public Company Limited
NPP-R.BK,Nippon Pack (Thailand) Public Company Limited
NSI.BK,Nam Seng Insurance Public Company Limited
NSI-R.BK,Nam Seng Insurance Public Company Limited
NTV-R.BK,Nonthavej Hospital Public Company Limited
NTV.BK,Nonthavej Hospital Public Company Limited
NUSA.BK,Nusasiri Public Company Limited
NWR-R.BK,Nawarat Patanakarn Public Company Limited
NWR.BK,Nawarat Patanakarn Public Company Limited
OCEAN-R.BK,Ocean Commerce Public Company Limited
OCC.BK,O.C.C. Public Company Limited
OCEAN.BK,Ocean Commerce Public Company Limited
OCC-R.BK,O.C.C. Public Company Limited
SIRIP.BK,Siri Prime Office Property Fund
OGC.BK,Ocean Glass Public Company Limited
OGC-R.BK,Ocean Glass Public Company Limited
OHTL-R.BK,OHTL Public Company Limited
OHTL.BK,OHTL Public Company Limited
SEAOIL.BK,Sea Oil Public Company Limited
VPO-R.BK,Vichitbhan Palmoil Public Company Limited
SEAOIL-R.BK,Sea Oil Public Company Limited
OISHI.BK,Oishi Group Public Company Limited
OISHI-R.BK,Oishi Group Public Company Limited
VPO.BK,Vichitbhan Palmoil Public Company Limited
OTO.BK,One to One Contacts Public Company Limited
OTO-R.BK,One to One Contacts Public Company Limited
ORI.BK,Origin Property Public Company Limited
ORI-R.BK,Origin Property Public Company Limited
PPF.BK,Pinthong Industrial Park Property Fund
SINGHA.BK,SINGHA.BK
SPWPF.BK,SRI PANWA HOTEL PROPERTY FUND
PJW.BK,Panjawattana Plastic Public Company Limited
PAF.BK,Pan Asia Footwear Public Company Limited
PAP-R.BK,Pacific Pipe Public Company Limited
PB.BK,President Bakery Public Company Limited
PB-R.BK,President Bakery Public Company Limited
PDI-R.BK,Padaeng Industry Public Company Limited
PDG.BK,Prodigy Public Company Limited
PDG-R.BK,Prodigy Public Company Limited
PDI.BK,Padaeng Industry Public Company Limited
PERM-R.BK,Permsin Steel Works Public Company Limited
PERM.BK,Permsin Steel Works Public Company Limited
PE.BK,Premier Enterprise Public Company Limited
SPRC.BK,Star Petroleum Refining Public Company Limited
PE-R.BK,Premier Enterprise Public Company Limited
PF.BK,Property Perfect Public Company Limited
PF-R.BK,Property Perfect Public Company Limited
PG.BK,People's Garment Public Company Limited
PG-R.BK,People's Garment Public Company Limited
PICO-R.BK,Pico (Thailand) Public Company Limited
PICO.BK,Pico (Thailand) Public Company Limited
PJW-R.BK,Panjawattana Plastic Public Company Limited
PK-R.BK,Patkol Public Company Limited
PK.BK,Patkol Public Company Limited
PLE.BK,Power Line Engineering Public Company Limited
PPS.BK,Project Planning Service Public Company Limited
RICHY.BK,Richy Place 2002 Public Company Limited
PLAT.BK,The Platinum Group Public Company Limited
PM.BK,Premier Marketing Public Company Limited
POLAR-R.BK,Polaris Capital Public Company Limited
SMC.BK,SMC.BK
POLAR.BK,Polaris Capital Public Company Limited
TPOLY-R.BK,Thai Polycons Public Company Limited
PSTC-R.BK,Power Solution Technologies Public Company Limited
TPCH-R.BK,TPC Power Holding Public Company Limited
TPOLY.BK,Thai Polycons Public Company Limited
PSTC.BK,Power Solution Technologies Public Company Limited
POST-R.BK,Bangkok Post Public Company Limited
POST.BK,Bangkok Post Public Company Limited
SAWAD.BK,Srisawad Corporation Public Company Limited
PPM.BK,Porn Prom Metal Public Company Limited
PPS-R.BK,Project Planning Service Public Company Limited
PPP-R.BK,Premier Products Public Company Limited
PPM-R.BK,Porn Prom Metal Public Company Limited
PRG-R.BK,Patum Rice Mill and Granary Public Company Limited
TRS-R.BK,TRANG SEAFOOD PRODUCTS PUBLIC C
PRG.BK,Patum Rice Mill and Granary Public Company Limited
PR-R.BK,President Rice Products Public Company Limited
PRAKIT-R.BK,Prakit Holdings Public Company Limited
TLHPF.BK,Thailand Hospitality Property Fund
PRECHA-R.BK,Preecha Group Public Company Limited
SLP.BK,Salee Printing Public Company Limited
SLP-R.BK,Salee Printing Public Company Limited
PRAKIT.BK,Prakit Holdings Public Company Limited
PR.BK,President Rice Products Public Company Limited
PREB.BK,Pre-Built Public Company Limited
PRIN-R.BK,Prinsiri Public Company Limited
PSL-R.BK,Precious Shipping Public Company Limited
PS.BK,Pruksa Real Estate Public Company Limited
PS-R.BK,Pruksa Real Estate Public Company Limited
PSL.BK,Precious Shipping Public Company Limited
PTT.BK,PTT Public Company Limited
PTTE06P1602A.BK,PTTE06P1602A.BK
PTL.BK,Polyplex (Thailand) Public Company Limited
PTTEP-R.BK,PTT Exploration and Production Public Company Limited
PTTEP.BK,PTT Exploration and Production Public Company Limited
PTTGC.BK,PTT GLOBAL CHEMICAL PUBLIC COMP
PTL-R.BK,Polyplex (Thailand) Public Company Limited
PT-R.BK,Premier Technology Public Company Limited
PTT-R.BK,PTT Public Company Limited
PTTGC-R.BK,PTT Global Chemical Public Company Limited
PT.BK,Premier Technology Public Company Limited
PACE-R.BK,Pace Development Corporation Public Company Limited
TSR.BK,Thiensurat Public Company Limited
SAFARI.BK,SAFARI WORLD PUBLIC COMPANY LIM
PLAT-R.BK,The Platinum Group Public Company Limited
TSI-R.BK,The Thai Setakij Insurance Public Company Limited
TNP.BK,Thanapiriya Public Company Limited
TMI.BK,Teera-Mongkol Industry Public Company Limited
MEGA-R.BK,Mega Lifesciences Public Company Limited
TT-R.BK,TRITON HOLDING PUBLIC COMPANY
SMT-R.BK,Stars Microelectronics (Thailand) Public Company Limited
WHA-R.BK,WHA Corporation Public Company Limited
COM7.BK,Com7 Public Company Limited
INSURE.BK,Indara Insurance Public Company Limited
ROCK.BK,Rockworth Public Company Limited
SPCG-R.BK,SPCG Public Company Limited
TACC.BK,T.A.C. Consumer Public Company Limited
THANA-R.BK,Thanasiri Group Public Company Limited
COM7-R.BK,Com7 Public Company Limited
COLOR-R.BK,Salee Colour Public Company Limited
TMC.BK,T.M.C. Industrial Public Company Limited
TSE.BK,Thai Solar Energy Public Company Limited
WORLD.BK,World Corporation Public Company Limited
VTE.BK,Vintage Engineering Public Company Limited
SENA-R.BK,Sena Development Public Company Limited
RWI-R.BK,Rayong Wire Industries Public Company Limited
VI-R.BK,VENTURE INCORPORATION PUBLIC CO
SAPPE.BK,Sappe Public Company Limited
TT&T-R.BK,TT&T PUBLIC COMPANY LIMITED
WINNER.BK,Winner Group Enterprise Public Company Limited
WP-R.BK,WP ENERGY PUBLIC COMPANY LIMITE
S11-R.BK,S 11 Group Public Company Limited
UWC.BK,Ua Withya Public Company Limited
COL.BK,COL Public Company Limited
WP.BK,Wp Energy Public Company Limited
TNP-R.BK,Thanapiriya Public Company Limited
WINNER-R.BK,Winner Group Enterprise Public Company Limited
VTE-R.BK,Vintage Engineering Public Company Limited
TSE-R.BK,Thai Solar Energy Public Company Limited
GREEN-R.BK,Green Resources Public Company Limited
TPROP.BK,THAI PROPERTY PUBLIC COMPANY LI
TAKUNI.BK,Takuni Group Public Company Limited
SMPC-R.BK,Sahamitr Pressure Container Public Company Limited
TTCL-R.BK,TTCL Public Company Limited
SAFARI-R.BK,SAFARI WORLD PUBLIC COMPANY LIM
BRC-R.BK,BANGKOK RUBBER PUBLIC COMPANY L
TWPC.BK,Thai Wah Public Company Limited
TACC-R.BK,T.A.C. Consumer Public Company Limited
SAPPE-R.BK,Sappe Public Company Limited
ROCK-R.BK,Rockworth Public Company Limited
CHOW-R.BK,Chow Steel Industries Public Company Limited
FIRE-R.BK,Harn Engineering Solutions Public Company Limited
RICHY-R.BK,Richy Place 2002 Public Company Limited
TSR-R.BK,Thiensurat Public Company Limited
PLANB.BK,Plan B Media Public Company Limited
TMC-R.BK,T.M.C. Industrial Public Company Limited
TAKUNI-R.BK,Takuni Group Public Company Limited
VI.BK,VENTURE INCORPORATION PUBLIC CO
SYMC-R.BK,Symphony Communication Public Company Limited
TVT-R.BK,TV Thunder Public Company Limited
SMART-R.BK,Smart Concrete Public Company Limited
SCN-R.BK,Scan-Inter Public Company Limited
VIH-R.BK,Srivichaivejvivat Public Company Limited
TVT.BK,TV Thunder Public Company Limited
TSI.BK,The Thai Setakij Insurance Public Company Limited
SENA.BK,Sena Development Public Company Limited
BEAUTY.BK,Beauty Community Public Company Limited
RWI.BK,Rayong Wire Industries Public Company Limited
WR-R.BK,WE RETAIL PUBLIC COMPANY LIMITE
S11.BK,S 11 Group Public Company Limited
COL-R.BK,COL Public Company Limited
ADAM.BK,ADAMAS INCORPORATION PUBLIC COM
TU-R.BK,Thai Union Group Public Company Limited
PYLON-R.BK,Pylon Public Company Limited
PYLON.BK,Pylon Public Company Limited
RAM-R.BK,Ramkhamhaeng Hospital Public Company Limited
RATCH-R.BK,Ratchaburi Electricity Generating Holding Public Company Limited
RAM.BK,Ramkhamhaeng Hospital Public Company Limited
RATCH.BK,Ratchaburi Electricity Generating Holding Public Company Limited
RCI-R.BK,The Royal Ceramic Industry Public Company Limited
RCL-R.BK,Regional Container Lines Public Company Limited
RCI.BK,The Royal Ceramic Industry Public Company Limited
RCL.BK,Regional Container Lines Public Company Limited
RICH.BK,Rich Asia Corporation Public Company Limited
RICH-R.BK,Rich Asia Corporation Public Company Limited
RML-R.BK,Raimon Land Public Company Limited
RML.BK,Raimon Land Public Company Limited
ROH.BK,Royal Orchid Hotel (Thailand) Public Company Limited
ROH-R.BK,Royal Orchid Hotel (Thailand) Public Company Limited
ROJNA.BK,Rojana Industrial Park Public Company Limited
ROJNA-R.BK,Rojana Industrial Park Public Company Limited
ROBINS-R.BK,Robinson Public Company Limited
ROBINS.BK,Robinson Public Company Limited
RPC.BK,RPCG Public Company Limited
RPC-R.BK,RPCG Public Company Limited
RS.BK,RS Public Company Limited
RS-R.BK,RS Public Company Limited
SAT.BK,Somboon Advance Technology Public Company Limited
SAM-R.BK,Samchai Steel Industries Public Company Limited
SALEE-R.BK,Salee Industry Public Company Limited
SAM.BK,Samchai Steel Industries Public Company Limited
SABINA.BK,Sabina Public Company Limited
SAMART.BK,Samart Corporation Public Company Limited
SAMTEL.BK,Samart Telcoms Public Company Limited
SAWANG.BK,Sawang Export Public Company Limited
SALEE.BK,Salee Industry Public Company Limited
SAT-R.BK,Somboon Advance Technology Public Company Limited
SCC.BK,The Siam Cement Public Company Limited
SCB.BK,The Siam Commercial Bank Public Company Limited
SCG.BK,Sahacogen (Chonburi) Public Company Limited
SCC-R.BK,The Siam Cement Public Company Limited
SCP-R.BK,Southern Concrete Pile Public Company Limited
SCCC-R.BK,Siam City Cement Public Company Limited
SCCC.BK,Siam City Cement Public Company Limited
SC-R.BK,SC Asset Corporation Public Company Limited
SCG-R.BK,Sahacogen (Chonburi) Public Company Limited
SCP.BK,Southern Concrete Pile Public Company Limited
SCB-R.BK,The Siam Commercial Bank Public Company Limited
SC.BK,SC Asset Corporation Public Company Limited
SF-R.BK,Siam Future Development Public Company Limited
SF.BK,Siam Future Development Public Company Limited
SGP.BK,Siamgas and Petrochemicals Public Company Limited
SGP-R.BK,Siamgas and Petrochemicals Public Company Limited
SHANG-R.BK,Shangri-La Hotel Public Company Limited
SHANG.BK,Shangri-La Hotel Public Company Limited
SINGER-R.BK,Singer Thailand Public Company Limited
SIRI-R.BK,Sansiri Public Company Limited
SIAM.BK,Siam Steel International Public Company Limited
SIMAT-R.BK,Simat Technologies Public Company Limited
SITHAI-R.BK,Srithai Superware Public Company Limited
SIM.BK,Samart I-Mobile Public Company Limited
SITHAI.BK,Srithai Superware Public Company Limited
SIAM-R.BK,Siam Steel International Public Company Limited
SIMAT.BK,Simat Technologies Public Company Limited
SIM-R.BK,Samart I-Mobile Public Company Limited
SIS.BK,SiS Distribution (Thailand) Public Company Limited
SIRI.BK,Sansiri Public Company Limited
SINGER.BK,Singer Thailand Public Company Limited
SIS-R.BK,SiS Distribution (Thailand) Public Company Limited
SKR.BK,Sikarin Public Company Limited
SKR-R.BK,Sikarin Public Company Limited
SMK-R.BK,Syn Mun Kong Insurance Public Company Limited
SMIT-R.BK,Sahamit Machinery Public Company Limited
SMG-R.BK,Samaggi Insurance Public Company Limited
SMK.BK,Syn Mun Kong Insurance Public Company Limited
SMIT.BK,Sahamit Machinery Public Company Limited
SMM.BK,Siam Inter Multimedia Public Company Limited
SMG.BK,Samaggi Insurance Public Company Limited
SMM-R.BK,Siam Inter Multimedia Public Company Limited
SNP.BK,S&P Syndicate Public Company Limited
SNP-R.BK,S&P Syndicate Public Company Limited
SNC.BK,SNC Former Public Company Limited
SNC-R.BK,SNC Former Public Company Limited
SOLAR.BK,Solartron Public Company Limited
SORKON.BK,S. Khonkaen Foods Public Company Limited
SOLAR-R.BK,Solartron Public Company Limited
SPORT.BK,Siam Sport Syndicate Public Company Limited
SPPT-R.BK,Single Point Parts (Thailand) Public Company Limited
SPI-R.BK,Saha Pathana Inter-Holding Public Company Limited
SPORT-R.BK,Siam Sport Syndicate Public Company Limited
SPALI-R.BK,Supalai Public Company Limited
SPACK-R.BK,S. Pack & Print Public Company Limited
SPG.BK,Siam Pan Group Public Company Limited
SPI.BK,Saha Pathana Inter-Holding Public Company Limited
SPC-R.BK,Saha Pathanapibul Public Company Limited
SPC.BK,Saha Pathanapibul Public Company Limited
SRICHA.BK,Sriracha Construction Public Company Limited
SRICHA-R.BK,Sriracha Construction Public Company Limited
SST-R.BK,Sub Sri Thai Public Company Limited
SSSC-R.BK,Siam Steel Service Center Public Company Limited
SSI-R.BK,Sahaviriya Steel Industries Public Company Limited
SSF.BK,Surapon Foods Public Company Limited
SSC-R.BK,Sermsuk Public Company Limited
SSC.BK,Sermsuk Public Company Limited
SSI.BK,Sahaviriya Steel Industries Public Company Limited
SSSC.BK,Siam Steel Service Center Public Company Limited
SSTPF.BK,Sub Sri Thai Property Fund
SST.BK,Sub Sri Thai Public Company Limited
SSF-R.BK,Surapon Foods Public Company Limited
STEC-R.BK,Sino-Thai Engineering and Construction Public Company Limited
STANLY.BK,Thai Stanley Electric Public Company Limited
STAR.BK,Star Universal Network Public Company Limited
STEC.BK,Sino-Thai Engineering and Construction Public Company Limited
STPI-R.BK,STP&I Public Company Limited
STAR-R.BK,Star Universal Network Public Company Limited
STA.BK,Sri Trang Agro-Industry Public Company Limited
STA-R.BK,Sri Trang Agro-Industry Public Company Limited
SUSCO.BK,Susco Public Company Limited
SUPER.BK,Superblock Public Company Limited
SUPER-R.BK,Superblock Public Company Limited
SUSCO-R.BK,Susco Public Company Limited
SUC-R.BK,Saha-Union Public Company Limited
SUC.BK,Saha-Union Public Company Limited
SVI-R.BK,SVI Public Company Limited
SVOA-R.BK,Svoa Public Company Limited
SVI.BK,SVI Public Company Limited
SVH-R.BK,Samitivej Public Company Limited
SVOA.BK,Svoa Public Company Limited
SWC.BK,Sherwood Chemicals Public Company Limited
SWC-R.BK,Sherwood Chemicals Public Company Limited
SYNEX.BK,Synnex (Thailand) Public Company Limited
SYNTEC-R.BK,Syntec Construction Public Company Limited
SYNEX-R.BK,Synnex (Thailand) Public Company Limited
SYNTEC.BK,Syntec Construction Public Company Limited
TAPAC.BK,Tapaco Public Company Limited
TAPAC-R.BK,Tapaco Public Company Limited
TASCO.BK,Tipco Asphalt Public Company Limited
TASCO-R.BK,Tipco Asphalt Public Company Limited
TBSP.BK,Thai British Security Printing Public Company Limited
TBSP-R.BK,Thai British Security Printing Public Company Limited
TCAP.BK,Thanachart Capital Public Company Limited
TCCC-R.BK,Thai Central Chemical Public Company Limited
TCOAT-R.BK,Thai Coating Industrial Public Company Limited
TCB-R.BK,Thai Carbon Black Public Company Limited
TC-R.BK,Tropical Canning (Thailand) Public Company Limited
TCMC-R.BK,Thailand Carpet Manufacturing Public Company Limited
TCC-R.BK,Thai Capital Corporation Public Company Limited
TCIF.BK,Thai Commercial Investment Freehold and Leasehold Fund
TCB.BK,Thai Carbon Black Public Company Limited
TCAP-R.BK,Thanachart Capital Public Company Limited
TC.BK,Tropical Canning (Thailand) Public Company Limited
TCJ-R.BK,T.C.J. Asia Public Company Limited
TCMC.BK,Thailand Carpet Manufacturing Public Company Limited
TCCC.BK,Thai Central Chemical Public Company Limited
TCJ.BK,T.C.J. Asia Public Company Limited
TCC.BK,Thai Capital Corporation Public Company Limited
TCOAT.BK,Thai Coating Industrial Public Company Limited
TEAM.BK,Team Precision Public Company Limited
TFI.BK,Thai Film Industries Public Company Limited
TFUND.BK,TICON Property Fund
TF-R.BK,Thai President Foods Public Company Limited
TFI-R.BK,Thai Film Industries Public Company Limited
TFD-R.BK,Thai Factory Development Public Company Limited
TFD.BK,Thai Factory Development Public Company Limited
TF.BK,Thai President Foods Public Company Limited
TGCI.BK,Thai-German Ceramic Industry Public Company Limited
TGCI-R.BK,Thai-German Ceramic Industry Public Company Limited
TGROWTH.BK,Ticon Industrial Growth Leasehold Property Fund
TGPRO-R.BK,Thai-German Products Public Company Limited
TGPRO.BK,Thai-German Products Public Company Limited
INTUCH.BK,Intouch Holdings Public Company Limited
TU.BK,Thai Union Group Public Company Limited
TTW.BK,TTW Public Company Limited
TRUE.BK,True Corporation Public Company Limited
TMT.BK,Thai Metal Trade Public Company Limited
TKT.BK,T.Krungthai Industries Public Company Limited
TKS-R.BK,T.K.S. Technologies Public Company Limited
TK-R.BK,Thitikorn Public Company Limited
THAI.BK,Thai Airways International Public Company Limited
TIW-R.BK,Thailand Iron Works Public Company Limited
SAUCE-R.BK,ThaiTheparos Public Company Limited
TPA-R.BK,Thai Poly Acrylic Public Company Limited
TKS.BK,T.K.S. Technologies Public Company Limited
TNH.BK,Thai Nakarin Hospital Public Company Limited
BAFS-R.BK,Bangkok Aviation Fuel Services Public Company Limited
TPP.BK,Thai Packaging & Printing Public Company Limited
SPACK.BK,S. Pack & Print Public Company Limited
PRANDA-R.BK,Pranda Jewelry Public Company Limited
L&E-R.BK,Lighting and Equipment Public Company Limited
TNDT.BK,Thai Nondestructive Testing Public Company Limited
PATO-R.BK,Pato Chemical Industry Public Company Limited
TRT.BK,Tirathai Public Company Limited
LIVE.BK,Triton Holding Public Company Limited
MILL-R.BK,Millcon Steel Public Company Limited
TMW-R.BK,Thai Mitsuwa Public Company Limited
TVI.BK,Thaivivat Insurance Public Company Limited
TNITY.BK,Trinity Watthana Public Company Limited
BAFS.BK,Bangkok Aviation Fuel Services Public Company Limited
DEMCO.BK,Demco Public Company Limited
TOP-R.BK,Thai Oil Public Company Limited
TUF.BK,Thai Union Group Public Company Limited
TMD-R.BK,Thai Metal Drum Manufacturing Public Company Limited
UV-R.BK,Univentures Public Company Limited
TPAC.BK,Thai Plaspac Public Company Limited
BAT-3K-R.BK,Thai Storage Battery Public Company Limited
UMS.BK,Unique Mining Services Public Company Limited
THE-R.BK,The Steel Public Company Limited
SE-ED-R.BK,SE-Education Public Company Limited
SEAFCO-R.BK,Seafco Public Company Limited
SEAFCO.BK,Seafco Public Company Limited
MAJOR.BK,Major Cineplex Group Public Company Limited
UKEM.BK,Union Petrochemical Public Company Limited
TLUXE.BK,Thai Luxe Enterprises Public Company Limited
TPAC-R.BK,Thai Plaspac Public Company Limited
LTX-R.BK,Luckytex (Thailand) Public Company Limited
WACOAL-R.BK,Thai Wacoal Public Company Limited
MATCH.BK,Matching Maximize Solution Public Company Limited
TIW.BK,Thailand Iron Works Public Company Limited
SPG-R.BK,Siam Pan Group Public Company Limited
TH-R.BK,Tong Hua Holding Public Company Limited
TIPCO.BK,Tipco Foods Public Company Limited
TTI.BK,Thai Textile Industry Public Company Limited
GRAND.BK,Grande Asset Hotels and Property Public Company Limited
TICON.BK,TICON Industrial Connection Public Company Limited
TNL.BK,Thanulux Public Company Limited
TWP.BK,Thai Wire Products Public Company Limited
TWFP.BK,Thai Wah Food Products Public Company Limited
INET.BK,Internet Thailand Public Company Limited
TNH-R.BK,Thai Nakarin Hospital Public Company Limited
TVO-R.BK,Thai Vegetable Oil Public Company Limited
A.BK,Areeya Property Public Company Limited
TRT-R.BK,Tirathai Public Company Limited
MATI-R.BK,Matichon Public Company Limited
MATCH-R.BK,Matching Maximize Solution Public Company Limited
UKEM-R.BK,Union Petrochemical Public Company Limited
TSC.BK,Thai Steel Cable Public Company Limited
UTP-R.BK,United Paper Public Company Limited
TTA.BK,Thoresen Thai Agencies Public Company Limited
THREL-R.BK,Thaire Life Assurance Public Company Limited
TR.BK,Thai Rayon Public Company Limited
TPC.BK,Thai Plastic and Chemicals Public Company Limited
F&D.BK,Food and Drinks Public Company Limited
UBIS-R.BK,UBIS (Asia) Public Company Limited
F&D-R.BK,Food and Drinks Public Company Limited
TTL-R.BK,TTL Industries Public Company Limited
TWZ.BK,TWZ Corporation Public Company Limited
TVI-R.BK,Thaivivat Insurance Public Company Limited
TYCN.BK,Tycoons Worldwide Group (Thailand) Public Company Limited
S-&-J-R.BK,S&J International Enterprises Public Company Limited
TEAM-R.BK,Team Precision Public Company Limited
TPA.BK,Thai Poly Acrylic Public Company Limited
U.BK,U City Public Company Limited
TMD.BK,Thai Metal Drum Manufacturing Public Company Limited
TRC.BK,TRC Construction Public Company Limited
THRE-R.BK,Thai Reinsurance Public Company Limited
GBX-R.BK,Globlex Holding Management Public Company Limited
UOBKH.BK,UOB Kay Hian Securities (Thailand) Public Company Limited
UP-R.BK,Union Plastic Public Company Limited
INOX.BK,POSCO-Thainox Public Company Limited
TT.BK,Triton Holding Public Company Limited
SAUCE.BK,ThaiTheparos Public Company Limited
TWZ-R.BK,TWZ Corporation Public Company Limited
TSTE-R.BK,Thai Sugar Terminal Public Company Limited
T-R.BK,T Engineering Corporation Public Company Limited
PL-R.BK,Phatra Leasing Public Company Limited
TKT-R.BK,T.Krungthai Industries Public Company Limited
TNPC-R.BK,Thai Nam Plastic Public Company Limited
TLUXE-R.BK,Thai Luxe Enterprises Public Company Limited
VIBHA-R.BK,Vibhavadi Medical Center Public Company Limited
TOPP.BK,Thai O.P.P. Public Company Limited
THAI-R.BK,Thai Airways International Public Company Limited
TOG.BK,Thai Optical Group Public Company Limited
INOX-R.BK,POSCO-Thainox Public Company Limited
S-&-J.BK,S&J International Enterprises Public Company Limited
GRAND-R.BK,Grande Asset Hotels and Property Public Company Limited
VNT.BK,Vinythai Public Company Limited
E-R.BK,Food Capitals Public Company Limited
TTW-R.BK,TTW Public Company Limited
TIP-R.BK,Dhipaya Insurance Public Company Limited
UPOIC.BK,United Palm Oil Industry Public Company Limited
TSF.BK,Three Sixty Five Public Company Limited
SAMTEL-R.BK,Samart Telcoms Public Company Limited
TNPC.BK,Thai Nam Plastic Public Company Limited
TTL.BK,TTL Industries Public Company Limited
WAVE-R.BK,Wave Entertainment Public Company Limited
VNG-R.BK,Vanachai Group Public Company Limited
UVAN-R.BK,Univanich Palm Oil Public Company Limited
UT-R.BK,Union Textile Industries Public Company Limited
TRC-R.BK,TRC Construction Public Company Limited
UEC-R.BK,Unimit Engineering Public Company Limited
THANI.BK,Ratchthani Leasing Public Company Limited
PRIN.BK,Prinsiri Public Company Limited
KYE.BK,Kang Yong Electric Public Company Limited
SPPT.BK,Single Point Parts (Thailand) Public Company Limited
STANLY-R.BK,Thai Stanley Electric Public Company Limited
TSTE.BK,Thai Sugar Terminal Public Company Limited
TRUBB.BK,Thai Rubber Latex Corporation (Thailand) Public Company Limited
TIC-R.BK,The Thai Insurance Public Company Limited
TISCO-R.BK,TISCO Financial Group Public Company Limited
TIPCO-R.BK,Tipco Foods Public Company Limited
TIC.BK,The Thai Insurance Public Company Limited
TICON-R.BK,TICON Industrial Connection Public Company Limited
TIP.BK,Dhipaya Insurance Public Company Limited
TISCO.BK,TISCO Financial Group Public Company Limited
TK.BK,Thitikorn Public Company Limited
TMT-R.BK,Thai Metal Trade Public Company Limited
TMB-R.BK,TMB Bank Public Company Limited
TMB.BK,TMB Bank Public Company Limited
TMW.BK,Thai Mitsuwa Public Company Limited
TNL-R.BK,Thanulux Public Company Limited
TNDT-R.BK,Thai Nondestructive Testing Public Company Limited
TNITY-R.BK,Trinity Watthana Public Company Limited
TOP.BK,Thai Oil Public Company Limited
TOG-R.BK,Thai Optical Group Public Company Limited
TOPP-R.BK,Thai O.P.P. Public Company Limited
TPIPL.BK,TPI Polene Public Company Limited
TPCORP.BK,Textile Prestige Public Company Limited
TPP-R.BK,Thai Packaging & Printing Public Company Limited
TPC-R.BK,Thai Plastic and Chemicals Public Company Limited
TPBI-R.BK,TPBI Public Company Limited
TPIPL-R.BK,TPI Polene Public Company Limited
TPCORP-R.BK,Textile Prestige Public Company Limited
TPBI.BK,TPBI Public Company Limited
TRUBB-R.BK,Thai Rubber Latex Corporation (Thailand) Public Company Limited
TRS.BK,TRS.BK
TSC-R.BK,Thai Steel Cable Public Company Limited
TSTH.BK,Tata Steel (Thailand) Public Company Limited
TSTH-R.BK,Tata Steel (Thailand) Public Company Limited
TSF-R.BK,Three Sixty Five Public Company Limited
TTI-R.BK,Thai Textile Industry Public Company Limited
TTTM-R.BK,Thai Toray Textile Mills Public Company Limited
TTA-R.BK,Thoresen Thai Agencies Public Company Limited
TTTM.BK,Thai Toray Textile Mills Public Company Limited
TUF-R.BK,Thai Union Group Public Company Limited
TVO.BK,Thai Vegetable Oil Public Company Limited
TWP-R.BK,Thai Wire Products Public Company Limited
TYCN-R.BK,Tycoons Worldwide Group (Thailand) Public Company Limited
UBIS.BK,UBIS (Asia) Public Company Limited
UEC.BK,Unimit Engineering Public Company Limited
UMI-R.BK,The Union Mosaic Industry Public Company Limited
UMS-R.BK,Unique Mining Services Public Company Limited
UMI.BK,The Union Mosaic Industry Public Company Limited
UNIQ-R.BK,Unique Engineering And Construction Public Company Limited
UOBKH-R.BK,UOB Kay Hian Securities (Thailand) Public Company Limited
UPF.BK,Union Pioneer Public Company Limited
UPOIC-R.BK,United Palm Oil Industry Public Company Limited
UP.BK,Union Plastic Public Company Limited
UT.BK,Union Textile Industries Public Company Limited
UTP.BK,United Paper Public Company Limited
UVAN.BK,Univanich Palm Oil Public Company Limited
UV.BK,Univentures Public Company Limited
VARO-R.BK,Varopakorn Public Company Limited
VNT-R.BK,Vinythai Public Company Limited
VNG.BK,Vanachai Group Public Company Limited
PRO.BK,PROFESSIONAL WASTE TECHNOLOGY (
WAVE.BK,Wave Entertainment Public Company Limited
PRO-R.BK,PROFESSIONAL WASTE TECHNOLOGY (
WACOAL.BK,Thai Wacoal Public Company Limited
WG-R.BK,White Group Public Company Limited
WIIK-R.BK,Wiik & Hoeglund Public Company Limited
WIN.BK,Wyncoast Industrial Park Public Company Limited
WORK-R.BK,Workpoint Entertainment Public Company Limited
WORK.BK,Workpoint Entertainment Public Company Limited
BANPU-R.BK,Banpu Public Company Limited
BANPU.BK,Banpu Public Company Limited
BAT-3K.BK,Thai Storage Battery Public Company Limited
BAY-R.BK,Bank of Ayudhya Public Company Limited
BEC.BK,BEC World Public Company Limited
BEM-R.BK,Bangkok Expressway and Metro Public Company Limited
BROOK-R.BK,The Brooker Group Public Company Limited
CHARAN.BK,Charan Insurance Public Company Limited
CHARAN-R.BK,Charan Insurance Public Company Limited
CHOTI.BK,Kiang Huat Sea Gull Trading Frozen Food Public Company Limited
CHOTI-R.BK,Kiang Huat Sea Gull Trading Frozen Food Public Company Limited
CNS-R.BK,Capital Nomura Securities Public Company Limited
DELTA-R.BK,Delta Electronics (Thailand) Public Company Limited
DEMCO-R.BK,Demco Public Company Limited
THIF.BK,Krung Thai Asset Management Plc - Thai Hotel Investment Freehold And Leasehold Property Fund
GBX.BK,Globlex Holding Management Public Company Limited
GRAMMY-R.BK,GMM Grammy Public Company Limited
GREEN.BK,Green Resources Public Company Limited
INTUCH-R.BK,Intouch Holdings Public Company Limited
KYE-R.BK,Kang Yong Electric Public Company Limited
LIVE-R.BK,Triton Holding Public Company Limited
LTX.BK,Luckytex (Thailand) Public Company Limited
MACO-R.BK,Master Ad Public Company Limited
MAKRO.BK,Siam Makro Public Company Limited
MAKRO-R.BK,Siam Makro Public Company Limited
MALEE.BK,Malee Group Public Company Limited
MAX-R.BK,Max Metal Corporation Public Company Limited
METCO-R.BK,Muramoto Electron (Thailand) Public Company Limited
MIDA.BK,Mida Assets Public Company Limited
MIDA-R.BK,Mida Assets Public Company Limited
MILL.BK,Millcon Steel Public Company Limited
MINT-R.BK,Minor International Public Company Limited
PAE-R.BK,Pae Thailand Public Company Limited
PAE.BK,Pae Thailand Public Company Limited
PAF-R.BK,Pan Asia Footwear Public Company Limited
PAP.BK,Pacific Pipe Public Company Limited
PATO.BK,Pato Chemical Industry Public Company Limited
PLE-R.BK,Power Line Engineering Public Company Limited
PRANDA.BK,Pranda Jewelry Public Company Limited
PRECHA.BK,Preecha Group Public Company Limited
PREB-R.BK,Pre-Built Public Company Limited
PRINC-R.BK,Principal Capital Public Company Limited
PRINC.BK,Principal Capital Public Company Limited
SABINA-R.BK,Sabina Public Company Limited
SAMCO-R.BK,Sammakorn Public Company Limited
SAMART-R.BK,Samart Corporation Public Company Limited
SAMCO.BK,Sammakorn Public Company Limited
SAWANG-R.BK,Sawang Export Public Company Limited
SORKON-R.BK,S. Khonkaen Foods Public Company Limited
SPALI.BK,Supalai Public Company Limited
SPF.BK,Samui Airport Property Fund (Leasehold)
STPI.BK,STP&I Public Company Limited
THANI-R.BK,Ratchthani Leasing Public Company Limited
THCOM-R.BK,Thaicom Public Company Limited
THCOM.BK,Thaicom Public Company Limited
THE.BK,The Steel Public Company Limited
THIP-R.BK,Thantawan Industry Public Company Limited
THIP.BK,Thantawan Industry Public Company Limited
THREL.BK,Thaire Life Assurance Public Company Limited
THRE.BK,Thai Reinsurance Public Company Limited
TRU.BK,Thai Rung Union Car Public Company Limited
TRUE-R.BK,True Corporation Public Company Limited
TRU-R.BK,Thai Rung Union Car Public Company Limited
INET-R.BK,Internet Thailand Public Company Limited
